date,contact_name,subject,topic,comment,district,source,has_attachment,source_file,page_numbers,period_start,period_end,date_normalized,quality_flag
2020-06-22,Ray Worthen,eComment re Res. #2020-49 (TOD rezone application suspension),Transit Oriented Development Zone moratorium - Utah Refractories site,"Hello, My name is Ray Worthen, I am the owner and a long time employer at the Utah
    Refractory Plant. I am also a former longtime resident of Lehi and through the years have
    employed thousands of people. At one time we had nearly 200 employees on the payroll. Utah
    Refractories was built in the 1940’s to supply needed materials to Geneva Steel for the war
    efforts. This plant is 80 years old and is in need of being closed and removed. We are currently
    in a contract to sell the property and have been working on this transaction for over 2 years.
    We will be terminating production in roughly 60 days. This means the plant will close. Even
    though measures will be taken to keep trespassers at bay, there will be those who enter, cause
    damage and possible dangerous situations to themselves and others. This property sits at the
    gateway of Northern Lehi and is quite frankly a blemish and an eyesore for those visiting or
Lehi City Council Meeting                        5                                      June 23, 2020

    relocating. (We have heard this throughout the years from many Lehi City Personnel). It will
    take several years to get the redevelopment to completion. If you decide to halt the TOD
    designation this creates a real problem not only for us but for Lehi as a whole. This is a future
    site for some great opportunities for housing, employment and business revenue and could be
    a shining star for those passing through or contemplating moving to our great city. If we lose",,online_written_comment_published_in_minutes,false,meeting_minutes/minutes/2020/2020-06-22/2020-06-23_city-council-meeting.md,,,,2020-06-22,verbatim_written_comment_published_in_minutes
