date,candidate,office,seat,election_year,filing_type,reporting_period,title,source_url,archive_url,retrieved_date,form_family,format,extraction_method,path,text_path,pages,bytes,sha256,channel,needs_review,notes
2010-06-10,Karl McDonald,County Treasurer,,2010,statement,June 2010 (pre-primary),Karl McDonald — County Treasurer campaign financial report (June 2010 (pre-primary)),http://municipal.utah.gov/wasatch\2010 Primary\Karl Mcdonald 6-10-10.pdf,,2026-08-01,carr_5_5_pg_4line,scanned,"tesseract OCR (pdftoppm 300dpi, psm 6)",raw/2010/2010_Karl-Mcdonald-6-10-10.pdf,text/2010/2010_Karl-Mcdonald-6-10-10.txt,3,145564,1b3b7c952b476f7c37aee74480efde4fc7963b1d2e2a8fe9069d5c19e28f92c3,origin,1,
2010-06-14,Holly Yergensen,County Treasurer,,2010,statement,June 2010 (pre-primary),Holly Yergensen — County Treasurer campaign financial report (June 2010 (pre-primary)),http://municipal.utah.gov/wasatch\2010 Primary\Holly Yergensen 6-14-10.pdf,,2026-08-01,carr_5_5_pg_4line,scanned,"tesseract OCR (pdftoppm 300dpi, psm 6)",raw/2010/2010_Holly-Yergensen-6-14-10.pdf,text/2010/2010_Holly-Yergensen-6-14-10.txt,3,122446,721c07f2f70e7f0b25e8fa733d82c2ea353d74f7f385488862e6d60092635fd4,origin,1,
2010-06-15,James Wade Koson,County Attorney,County-wide,2010,statement,June 2010 (pre-primary),James Wade Koson — County Attorney campaign financial report (June 2010 (pre-primary)),http://municipal.utah.gov/wasatch\2010 Primary\James Koson 6-15-10.pdf,,2026-08-01,carr_5_5_pg_4line,scanned,"tesseract OCR (pdftoppm 300dpi, psm 6)",raw/2010/2010_James-Koson-6-15-10.pdf,text/2010/2010_James-Koson-6-15-10.txt,3,125302,c406b1bfb0a4c6ae26dacc7acea77c4ab8fe37cd17c92a3aa50758f6008db3cf,origin,1,
2010-06-15,Scott Sweat,County Attorney,County,2010,statement,June 2010 (pre-primary),Scott Sweat — County Attorney campaign financial report (June 2010 (pre-primary)),http://municipal.utah.gov/wasatch\2010 Primary\Scott Sweat 6-15-10.pdf,,2026-08-01,carr_5_5_pg_4line,scanned,"tesseract OCR (pdftoppm 300dpi, psm 6)",raw/2010/2010_Scott-Sweat-6-15-10.pdf,text/2010/2010_Scott-Sweat-6-15-10.txt,3,133718,b4dfc32aacac9e4b3c6017795cfa92bd8f1cc82bf9828ee8c82a706715178908,origin,1,
2018-07-01,Alan Wane McDonald,County Council,At Large,2018,statement,2018 cycle (as published by the county),Alan Wane McDonald — County Council campaign financial report (2018 cycle (as published by the county)),https://wasatch.utah.gov/Portals/0/Clerk/Pdfs/Elections/2018Elections/DC/Financial%20Campaign%20Report-Alan%20Wane%20McDonald.pdf,,2026-08-01,wasatch_fcr_3line,text,pdftotext -layout,raw/2018/2018_Financial-Campaign-Report-Alan-Wane-McDonald.pdf,text/2018/2018_Financial-Campaign-Report-Alan-Wane-McDonald.txt,3,625299,924d64d44b1940989a53eb3335b508a79a83ca2be0d5213b67c0025373c01019,origin,1,
2018-07-01,Brent R. Titcomb,Clerk/Auditor,,2018,statement,2018 cycle (as published by the county),Brent R. Titcomb — Clerk/Auditor campaign financial report (2018 cycle (as published by the county)),https://wasatch.utah.gov/Portals/0/Clerk/Pdfs/Elections/2018Elections/DC/Financial%20Campaign%20Report-Brent%20R.%20Titcomb.pdf,,2026-08-01,wasatch_fcr_3line,text,pdftotext -layout,raw/2018/2018_Financial-Campaign-Report-Brent-R.-Titcomb.pdf,text/2018/2018_Financial-Campaign-Report-Brent-R.-Titcomb.txt,3,1341607,0995816f80df4d54cda0c2d4d1032e550bab0bb5d84c949c49d3bfb748064b4c,origin,1,
2018-07-01,Danny Goode,County Council,Heber North,2018,statement,2018 cycle (as published by the county),Danny Goode — County Council campaign financial report (2018 cycle (as published by the county)),https://wasatch.utah.gov/Portals/0/Clerk/Pdfs/Elections/2018Elections/DC/Financial%20Campaign%20Report-Danny%20Goode.pdf,,2026-08-01,wasatch_fcr_3line,text,pdftotext -layout,raw/2018/2018_Financial-Campaign-Report-Danny-Goode.pdf,text/2018/2018_Financial-Campaign-Report-Danny-Goode.txt,3,542077,49d5773fb10a21f58e5019847c2a164fb3cde8c5eef2afea52ae56c1aeaac692,origin,1,
2018-07-01,Jeff Wade,County Council,County East,2018,statement,2018 cycle (as published by the county),Jeff Wade — County Council campaign financial report (2018 cycle (as published by the county)),https://wasatch.utah.gov/Portals/0/Clerk/Pdfs/Elections/2018Elections/DC/Financial%20Campaign%20Report-Jeff%20Wade.pdf,,2026-08-01,wasatch_fcr_3line,text,pdftotext -layout,raw/2018/2018_Financial-Campaign-Report-Jeff-Wade.pdf,text/2018/2018_Financial-Campaign-Report-Jeff-Wade.txt,3,602473,2d31fb4028403071db0e10366ec5f21aab884644e9fa467f03fa8ca30bb0d9b9,origin,1,
2018-07-01,Kit R. Kosakowski,County Attorney,,2018,statement,2018 cycle (as published by the county),Kit R. Kosakowski — County Attorney campaign financial report (2018 cycle (as published by the county)),https://wasatch.utah.gov/Portals/0/Clerk/Pdfs/Elections/2018Elections/DC/Financial%20Campaign%20Report-Kit%20R.%20Kosakowski.pdf,,2026-08-01,wasatch_fcr_3line,text,pdftotext -layout,raw/2018/2018_Financial-Campaign-Report-Kit-R.-Kosakowski.pdf,text/2018/2018_Financial-Campaign-Report-Kit-R.-Kosakowski.txt,3,1030279,93d6aaa4caf52972ef6913d17f56c37b7f40dd3b6a135ec5485e640c1a343da5,origin,1,
2018-07-01,Scott Sweat,County Attorney,,2018,statement,2018 cycle (as published by the county),Scott Sweat — County Attorney campaign financial report (2018 cycle (as published by the county)),https://wasatch.utah.gov/Portals/0/Clerk/Pdfs/Elections/2018Elections/DC/Financial%20Campaign%20Report-%20Scott%20Sweat.pdf,,2026-08-01,wasatch_fcr_3line,text,pdftotext -layout,raw/2018/2018_Financial-Campaign-Report--Scott-Sweat.pdf,text/2018/2018_Financial-Campaign-Report--Scott-Sweat.txt,3,806575,7f738b8f8334fe2fed3285ba8d39bd00a70358a2a8a47f3f8f614219b62837e2,origin,1,
2018-07-01,Tyler J. Berg,County Attorney,,2018,statement,2018 cycle (as published by the county),Tyler J. Berg — County Attorney campaign financial report (2018 cycle (as published by the county)),https://wasatch.utah.gov/Portals/0/Clerk/Pdfs/Elections/2018Elections/DC/Financial%20Campaign%20Report-%20Tyler%20J.%20Berg.pdf,,2026-08-01,wasatch_fcr_3line,text,pdftotext -layout,raw/2018/2018_Financial-Campaign-Report--Tyler-J.-Berg.pdf,text/2018/2018_Financial-Campaign-Report--Tyler-J.-Berg.txt,3,642291,4b511deec55d42b5ee46aaa4ad5bb775aa862299aff73e7dbd33e0170f7d043a,origin,1,
2018-07-01,Tyler Richard Dow,County Attorney,,2018,statement,2018 cycle (as published by the county),Tyler Richard Dow — County Attorney campaign financial report (2018 cycle (as published by the county)),https://wasatch.utah.gov/Portals/0/Clerk/Pdfs/Elections/2018Elections/DC/Financial%20Campaign%20Report-%20Tyler%20Richard%20Dow.pdf,,2026-08-01,wasatch_fcr_3line,text,pdftotext -layout,raw/2018/2018_Financial-Campaign-Report--Tyler-Richard-Dow.pdf,text/2018/2018_Financial-Campaign-Report--Tyler-Richard-Dow.txt,3,836826,70b45a0d369f22f592e802c8ad0b39f38e20692101ba088403d4814cacddbc39,origin,1,
2020-06-01,Aimee Armer,County Council,Seat B — At Large,2020,statement,June 2020 (7 days before Primary),Aimee Armer — County Council campaign financial report (June 2020 (7 days before Primary)),https://wasatch.utah.gov/Portals/0/Clerk/Pdfs/Elections/2020%20Election/Financial/JuneAArmer.pdf,,2026-08-01,wasatch_fcr_3line,scanned,"tesseract OCR (pdftoppm 300dpi, psm 6)",raw/2020/2020_JuneAArmer.pdf,text/2020/2020_JuneAArmer.txt,4,1427300,7581f279557a00b2c0589594edc36c0af546dd2f069ef67af63f21f8671ceac4,origin,1,
2020-06-01,Diane G Burgener,County Treasurer,,2020,statement,June 2020 (7 days before Primary),Diane G Burgener — County Treasurer campaign financial report (June 2020 (7 days before Primary)),https://wasatch.utah.gov/Portals/0/Clerk/Pdfs/Elections/2020%20Election/Financial/JuneDBurgener.pdf,,2026-08-01,wasatch_fcr_3line,text,pdftotext -layout,raw/2020/2020_JuneDBurgener.pdf,text/2020/2020_JuneDBurgener.txt,3,1196638,f35168639db8a3b7de4fdd7784e245f1f07722d3bc0abac418cd506a1aa4f9a1,origin,1,
2020-06-01,Elizabeth Hokanson,County Council,Seat D — Heber South,2020,statement,June 2020 (7 days before Primary),Elizabeth Hokanson — County Council campaign financial report (June 2020 (7 days before Primary)),https://wasatch.utah.gov/Portals/0/Clerk/Pdfs/Elections/2020%20Election/Financial/JuneEHokanson.pdf,,2026-08-01,wasatch_fcr_3line,text,pdftotext -layout,raw/2020/2020_JuneEHokanson.pdf,text/2020/2020_JuneEHokanson.txt,3,906827,0fe26f35128cdcaccf0ac1d68c59449883e8ff278272332f4922949e628bd4c8,origin,1,
2020-06-01,James C Kaiserman,County Surveyor,,2020,statement,June 2020 (7 days before Primary),James C Kaiserman — County Surveyor campaign financial report (June 2020 (7 days before Primary)),https://wasatch.utah.gov/Portals/0/Clerk/Pdfs/Elections/2020%20Election/Financial/JuneJKaiserman.pdf,,2026-08-01,wasatch_fcr_3line,text,pdftotext -layout,raw/2020/2020_JuneJKaiserman.pdf,text/2020/2020_JuneJKaiserman.txt,3,1239798,69fff3980253b0a6b9c5728989fe7f04f0f578ecfd5cbd297186dbb65d28aa48,origin,1,
2020-06-01,Jason G Jenkins,County Surveyor,,2020,statement,June 2020 (7 days before Primary),Jason G Jenkins — County Surveyor campaign financial report (June 2020 (7 days before Primary)),https://wasatch.utah.gov/Portals/0/Clerk/Pdfs/Elections/2020%20Election/Financial/JuneJJenkins.pdf,,2026-08-01,wasatch_fcr_3line,text,pdftotext -layout,raw/2020/2020_JuneJJenkins.pdf,text/2020/2020_JuneJJenkins.txt,3,1262567,9500919afdb8f4fc80b20ece867ae00bac6b8bbc31e2d8e417a869d98fd15d94,origin,1,
2020-06-01,Jennifer Lee,Clerk/Auditor,2-year term,2020,statement,June 2020 (7 days before Primary),Jennifer Lee — Clerk/Auditor campaign financial report (June 2020 (7 days before Primary)),https://wasatch.utah.gov/Portals/0/Clerk/Pdfs/Elections/2020%20Election/Financial/JuneJLee.pdf,,2026-08-01,wasatch_fcr_3line,text,pdftotext -layout,raw/2020/2020_JuneJLee.pdf,text/2020/2020_JuneJLee.txt,7,4304398,be72e5579b2ee39ca16e76150edb3b718fc72ecf885648c72727607865048566,origin,1,
2020-06-01,Joey D Granger,Clerk/Auditor,2-year term,2020,statement,June 2020 (7 days before Primary),Joey D Granger — Clerk/Auditor campaign financial report (June 2020 (7 days before Primary)),https://wasatch.utah.gov/Portals/0/Clerk/Pdfs/Elections/2020%20Election/Financial/JuneJGranger.pdf,,2026-08-01,wasatch_fcr_3line,text,pdftotext -layout,raw/2020/2020_JuneJGranger.pdf,text/2020/2020_JuneJGranger.txt,7,1049022,29454a51cfc0ed6e068f3c810e25da11c86ae3072290c7701a86067556d0fb32,origin,1,
2020-06-01,Kendall Crittenden,County Council,Seat D — Heber South,2020,statement,June 2020 (7 days before Primary),Kendall Crittenden — County Council campaign financial report (June 2020 (7 days before Primary)),https://wasatch.utah.gov/Portals/0/Clerk/Pdfs/Elections/2020%20Election/Financial/JuneKCrittenden.pdf,,2026-08-01,wasatch_fcr_3line,text,pdftotext -layout,raw/2020/2020_JuneKCrittenden.pdf,text/2020/2020_JuneKCrittenden.txt,4,945540,5dc9826063d035b3d317dfd624a659954a223ad08a09a4616cf3b5f5163b7265,origin,1,
2020-06-01,Marcy Murray,County Recorder,,2020,statement,June 2020 (7 days before Primary),Marcy Murray — County Recorder campaign financial report (June 2020 (7 days before Primary)),https://wasatch.utah.gov/Portals/0/Clerk/Pdfs/Elections/2020%20Election/Financial/JuneMMurray.pdf,,2026-08-01,wasatch_fcr_3line,text,pdftotext -layout,raw/2020/2020_JuneMMurray.pdf,text/2020/2020_JuneMMurray.txt,3,1077056,edcc4959915f348541143c0ddf3ce54424311a033e60575ce89b15fb5aac9d48,origin,1,
2020-06-01,Mark B Nelson,County Council,Seat E — Midway,2020,statement,June 2020 (7 days before Primary),Mark B Nelson — County Council campaign financial report (June 2020 (7 days before Primary)),https://wasatch.utah.gov/Portals/0/Clerk/Pdfs/Elections/2020%20Election/Financial/JuneMNelson.pdf,,2026-08-01,wasatch_fcr_3line,text,pdftotext -layout,raw/2020/2020_JuneMNelson.pdf,text/2020/2020_JuneMNelson.txt,2,758947,a695023b41fef155c5390c4812fa7e831b49286bd69677d4793ba1960fead10b,origin,1,
2020-06-01,Spencer Jason Park,County Council,Seat G — County South,2020,statement,June 2020 (7 days before Primary),Spencer Jason Park — County Council campaign financial report (June 2020 (7 days before Primary)),https://wasatch.utah.gov/Portals/0/Clerk/Pdfs/Elections/2020%20Election/Financial/JuneSPark.pdf,,2026-08-01,wasatch_fcr_3line,scanned,"tesseract OCR (pdftoppm 300dpi, psm 6)",raw/2020/2020_JuneSPark.pdf,text/2020/2020_JuneSPark.txt,1,339212,9fc2992d45eea9936747be9802430a683d9ae6af43e7cddc9b52d2f5cbf2f0f6,origin,1,
2020-06-01,Steve Farrell,County Council,Seat B — At Large,2020,statement,June 2020 (7 days before Primary),Steve Farrell — County Council campaign financial report (June 2020 (7 days before Primary)),https://wasatch.utah.gov/Portals/0/Clerk/Pdfs/Elections/2020%20Election/Financial/JuneSFarrell.pdf,,2026-08-01,wasatch_fcr_3line,scanned,"tesseract OCR (pdftoppm 300dpi, psm 6)",raw/2020/2020_JuneSFarrell.pdf,text/2020/2020_JuneSFarrell.txt,3,726699,6951b6d6cb87755c6a1c649e0e4191b1d65c9055af47ea32ba31e1b8b6ff00e5,origin,1,
2020-06-01,Todd Griffin,County Assessor,,2020,statement,June 2020 (7 days before Primary),Todd Griffin — County Assessor campaign financial report (June 2020 (7 days before Primary)),https://wasatch.utah.gov/Portals/0/Clerk/Pdfs/Elections/2020%20Election/Financial/JuneTGriffin.pdf,,2026-08-01,wasatch_fcr_3line,text,pdftotext -layout,raw/2020/2020_JuneTGriffin.pdf,text/2020/2020_JuneTGriffin.txt,2,757282,644d118e0727471b84b6769600d2805b7e14b7dd83e5b04ee815346cc2735900,origin,1,
2020-06-01,Xela Thomas,Clerk/Auditor,2-year term (withdrawn),2020,statement,June 2020 (7 days before Primary),Xela Thomas — Clerk/Auditor campaign financial report (June 2020 (7 days before Primary)),https://wasatch.utah.gov/Portals/0/Clerk/Pdfs/Elections/2020%20Election/Financial/JuneXThomas%202020.pdf,,2026-08-01,wasatch_fcr_3line,scanned,"tesseract OCR (pdftoppm 300dpi, psm 6)",raw/2020/2020_JuneXThomas 2020.pdf,text/2020/2020_JuneXThomas 2020.txt,3,1581769,c6736220cdf8502cd7a2d025ddce219d917bdf77abb692e6e97ff9d8f5e8da6e,origin,1,
2020-10-01,Aimee Armer,County Council,Seat B — At Large,2020,statement,October 2020 (7 days before General),Aimee Armer — County Council campaign financial report (October 2020 (7 days before General)),https://wasatch.utah.gov/Portals/0/Clerk/Pdfs/Elections/2020%20Election/Financial/OctAArmer.pdf,,2026-08-01,wasatch_fcr_3line,scanned,"tesseract OCR (pdftoppm 300dpi, psm 6)",raw/2020/2020_OctAArmer.pdf,text/2020/2020_OctAArmer.txt,5,4184793,5f340392787f6d4bc2dab7b0e4b4e332a5316eb1e2c12776b0f91fa98a735a76,origin,1,
2020-10-01,Diane G Burgener,County Treasurer,,2020,statement,October 2020 (7 days before General),Diane G Burgener — County Treasurer campaign financial report (October 2020 (7 days before General)),https://wasatch.utah.gov/Portals/0/Clerk/Pdfs/Elections/2020%20Election/Financial/OctDBurgener.pdf,,2026-08-01,wasatch_fcr_3line,text,pdftotext -layout,raw/2020/2020_OctDBurgener.pdf,text/2020/2020_OctDBurgener.txt,1,382728,322305ebf670dbd763680e92a7fb4c0a03098f16bfc8482252d3a023549ba976,origin,1,
2020-10-01,James C Kaiserman,County Surveyor,,2020,statement,October 2020 (7 days before General),James C Kaiserman — County Surveyor campaign financial report (October 2020 (7 days before General)),https://wasatch.utah.gov/Portals/0/Clerk/Pdfs/Elections/2020%20Election/Financial/OctJKaiserman.pdf,,2026-08-01,wasatch_fcr_3line,text,pdftotext -layout,raw/2020/2020_OctJKaiserman.pdf,text/2020/2020_OctJKaiserman.txt,3,1347129,8d79cb622492b791560cdf5350113ec3446237f070539e4431c4f2613784eafa,origin,1,
2020-10-01,Jason G Jenkins,County Surveyor,,2020,statement,October 2020 (7 days before General),Jason G Jenkins — County Surveyor campaign financial report (October 2020 (7 days before General)),https://wasatch.utah.gov/Portals/0/Clerk/Pdfs/Elections/2020%20Election/Financial/OctJJenkins.pdf,,2026-08-01,wasatch_fcr_3line,text,pdftotext -layout,raw/2020/2020_OctJJenkins.pdf,text/2020/2020_OctJJenkins.txt,3,965253,e83c44306ba53bfe6df913df7e97512bf0b5039ef6fb0fd053462e3c0672e5eb,origin,1,
2020-10-01,Jennifer Lee,Clerk/Auditor,2-year term,2020,statement,October 2020 (7 days before General),Jennifer Lee — Clerk/Auditor campaign financial report (October 2020 (7 days before General)),https://wasatch.utah.gov/Portals/0/Clerk/Pdfs/Elections/2020%20Election/Financial/OctJLee.pdf,,2026-08-01,wasatch_fcr_3line,text,pdftotext -layout,raw/2020/2020_OctJLee.pdf,text/2020/2020_OctJLee.txt,3,6154589,53bf67da37251a6aabbab6febf8feaa89aa9dbe0c8253f54aa6a1b536f3669c3,origin,1,
2020-10-01,Joey D Granger,Clerk/Auditor,2-year term,2020,statement,October 2020 (7 days before General),Joey D Granger — Clerk/Auditor campaign financial report (October 2020 (7 days before General)),https://wasatch.utah.gov/Portals/0/Clerk/Pdfs/Elections/2020%20Election/Financial/OctJGranger.pdf,,2026-08-01,wasatch_fcr_3line,text,pdftotext -layout,raw/2020/2020_OctJGranger.pdf,text/2020/2020_OctJGranger.txt,3,577263,3efe9e7d5f60cc0d345cedd3bd988f70afcedd01cc095d2a09d1a88918fe651c,origin,1,AcroForm text layer carries the typed VALUES only (no template text) — form family undetectable from text; read the PDF for the form header.
2020-10-01,Kendall Crittenden,County Council,Seat D — Heber South,2020,statement,October 2020 (7 days before General),Kendall Crittenden — County Council campaign financial report (October 2020 (7 days before General)),https://wasatch.utah.gov/Portals/0/Clerk/Pdfs/Elections/2020%20Election/Financial/OctKCrittenden.pdf,,2026-08-01,wasatch_fcr_3line,text,pdftotext -layout,raw/2020/2020_OctKCrittenden.pdf,text/2020/2020_OctKCrittenden.txt,3,869540,357a7e8d2a04b227eec9087e07449563644120816b9d3332f1a8b72111cb9ada,origin,1,
2020-10-01,Marcy Murray,County Recorder,,2020,statement,October 2020 (7 days before General),Marcy Murray — County Recorder campaign financial report (October 2020 (7 days before General)),https://wasatch.utah.gov/Portals/0/Clerk/Pdfs/Elections/2020%20Election/Financial/OctMMurray.pdf,,2026-08-01,wasatch_fcr_3line,text,pdftotext -layout,raw/2020/2020_OctMMurray.pdf,text/2020/2020_OctMMurray.txt,3,1188413,8659aa7d11cf7c3a774c3679b4adb4aae2c1cdf28e6ae1f685cd1083eaf3865a,origin,1,
2020-10-01,Mark B Nelson,County Council,Seat E — Midway,2020,statement,October 2020 (7 days before General),Mark B Nelson — County Council campaign financial report (October 2020 (7 days before General)),https://wasatch.utah.gov/Portals/0/Clerk/Pdfs/Elections/2020%20Election/Financial/OctMNelson.pdf,,2026-08-01,wasatch_fcr_3line,scanned,"tesseract OCR (pdftoppm 300dpi, psm 6)",raw/2020/2020_OctMNelson.pdf,text/2020/2020_OctMNelson.txt,1,306637,68687d4917dceeaa6aec7a61053fef4ddfbd0f9c0c8d431c7f76c99734615292,origin,1,
2020-10-01,Spencer Jason Park,County Council,Seat G — County South,2020,statement,October 2020 (7 days before General),Spencer Jason Park — County Council campaign financial report (October 2020 (7 days before General)),https://wasatch.utah.gov/Portals/0/Clerk/Pdfs/Elections/2020%20Election/Financial/OctSPark.pdf,,2026-08-01,wasatch_fcr_3line,text,pdftotext -layout,raw/2020/2020_OctSPark.pdf,text/2020/2020_OctSPark.txt,1,246075,3a44b751697e143e30535a52c57a22fef2fbedd66b2ce9e83dfa2f4b41c1165a,origin,1,
2020-10-01,Steve Farrell,County Council,Seat B — At Large,2020,statement,October 2020 (7 days before General),Steve Farrell — County Council campaign financial report (October 2020 (7 days before General)),https://wasatch.utah.gov/Portals/0/Clerk/Pdfs/Elections/2020%20Election/Financial/OctSFarrell.pdf,,2026-08-01,wasatch_fcr_3line,scanned,"tesseract OCR (pdftoppm 300dpi, psm 6)",raw/2020/2020_OctSFarrell.pdf,text/2020/2020_OctSFarrell.txt,3,777566,517742366abf34955ac026c61fef72032156d728a62a527b5d0bb9719f18e165,origin,1,
2020-10-01,Todd Griffin,County Assessor,,2020,statement,October 2020 (7 days before General),Todd Griffin — County Assessor campaign financial report (October 2020 (7 days before General)),https://wasatch.utah.gov/Portals/0/Clerk/Pdfs/Elections/2020%20Election/Financial/OctTGriffin.pdf,,2026-08-01,wasatch_fcr_3line,text,pdftotext -layout,raw/2020/2020_OctTGriffin.pdf,text/2020/2020_OctTGriffin.txt,1,440062,aae182867af2e25e787e5861c5f508124a01475a872ced468361f18792095047,origin,1,
2020-12-01,Aimee Armer,County Council,Seat B — At Large,2020,statement,December 2020 (30 days after General),Aimee Armer — County Council campaign financial report (December 2020 (30 days after General)),https://wasatch.utah.gov/Portals/0/Clerk/Pdfs/Elections/2020%20Election/Financial/DecAArmer%20.pdf,,2026-08-01,wasatch_fcr_3line,scanned,"tesseract OCR (pdftoppm 300dpi, psm 6)",raw/2020/2020_DecAArmer.pdf,text/2020/2020_DecAArmer.txt,3,1700605,40139875cc5a3c6dbf68644023f6de69d6c926fbc3f8fb79d1d442e9ef7cc35a,origin,1,
2020-12-01,Diane G Burgener,County Treasurer,,2020,statement,December 2020 (30 days after General),Diane G Burgener — County Treasurer campaign financial report (December 2020 (30 days after General)),https://wasatch.utah.gov/Portals/0/Clerk/Pdfs/Elections/2020%20Election/Financial/DecDBurgener.pdf,,2026-08-01,wasatch_fcr_3line,text,pdftotext -layout,raw/2020/2020_DecDBurgener.pdf,text/2020/2020_DecDBurgener.txt,3,970853,6fa181a972e15bd13f3923f32091cce9e7c8e82d03d568fcf4fdf527581163f6,origin,1,
2020-12-01,James C Kaiserman,County Surveyor,,2020,statement,December 2020 (30 days after General),James C Kaiserman — County Surveyor campaign financial report (December 2020 (30 days after General)),https://wasatch.utah.gov/Portals/0/Clerk/Pdfs/Elections/2020%20Election/Financial/DecJKaiserman.pdf,,2026-08-01,wasatch_fcr_3line,text,pdftotext -layout,raw/2020/2020_DecJKaiserman.pdf,text/2020/2020_DecJKaiserman.txt,3,1175927,083f7bfa3e6a3ed3ceb5c39611784dc62bfd658e14c6ae729e691387b2bcad3d,origin,1,
2020-12-01,Jennifer Lee,Clerk/Auditor,2-year term,2020,statement,December 2020 (30 days after General),Jennifer Lee — Clerk/Auditor campaign financial report (December 2020 (30 days after General)),https://wasatch.utah.gov/Portals/0/Clerk/Pdfs/Elections/2020%20Election/Financial/DecJLee.pdf,,2026-08-01,wasatch_fcr_3line,text,pdftotext -layout,raw/2020/2020_DecJLee.pdf,text/2020/2020_DecJLee.txt,3,3074065,00779a7d3d500572b625ce0a08c913e6f5baa83fbf3ae87a4ed6f127ca9bd0bf,origin,1,
2020-12-01,Joey D Granger,Clerk/Auditor,2-year term,2020,statement,December 2020 (30 days after General),Joey D Granger — Clerk/Auditor campaign financial report (December 2020 (30 days after General)),https://wasatch.utah.gov/Portals/0/Clerk/Pdfs/Elections/2020%20Election/Financial/DecJGranger.pdf,,2026-08-01,wasatch_fcr_3line,text,pdftotext -layout,raw/2020/2020_DecJGranger.pdf,text/2020/2020_DecJGranger.txt,7,908553,5d9be070844ea98c4ec4b0723c1274e8ed17cc2c45b8d39f22f7b7b944926252,origin,1,
2020-12-01,Kendall Crittenden,County Council,Seat D — Heber South,2020,statement,December 2020 (30 days after General),Kendall Crittenden — County Council campaign financial report (December 2020 (30 days after General)),https://wasatch.utah.gov/Portals/0/Clerk/Pdfs/Elections/2020%20Election/Financial/DecKCrittenden.pdf,,2026-08-01,wasatch_fcr_3line,text,pdftotext -layout,raw/2020/2020_DecKCrittenden.pdf,text/2020/2020_DecKCrittenden.txt,3,632296,76f5cd0818844d70403e96b24f6c2fc935c3d7b5dce8224ccd385713952eee3c,origin,1,
2020-12-01,Marcy Murray,County Recorder,,2020,statement,December 2020 (30 days after General),Marcy Murray — County Recorder campaign financial report (December 2020 (30 days after General)),https://wasatch.utah.gov/Portals/0/Clerk/Pdfs/Elections/2020%20Election/Financial/DecMMurray.pdf,,2026-08-01,wasatch_fcr_3line,text,pdftotext -layout,raw/2020/2020_DecMMurray.pdf,text/2020/2020_DecMMurray.txt,3,1233124,f6f23a23056ca04693fd87d12e4d88e9edc8e43c19af831ae6537bbb8b3635a8,origin,1,
2020-12-01,Mark B Nelson,County Council,Seat E — Midway,2020,statement,December 2020 (30 days after General),Mark B Nelson — County Council campaign financial report (December 2020 (30 days after General)),https://wasatch.utah.gov/Portals/0/Clerk/Pdfs/Elections/2020%20Election/Financial/DecMNelson.pdf,,2026-08-01,wasatch_fcr_3line,scanned,"tesseract OCR (pdftoppm 300dpi, psm 6)",raw/2020/2020_DecMNelson.pdf,text/2020/2020_DecMNelson.txt,1,314713,c3b423901f0bdf97ac0499a2e912f5fa50717372f7e1df8f307ff1e5f6403351,origin,1,
2020-12-01,Spencer Jason Park,County Council,Seat G — County South,2020,statement,December 2020 (30 days after General),Spencer Jason Park — County Council campaign financial report (December 2020 (30 days after General)),https://wasatch.utah.gov/Portals/0/Clerk/Pdfs/Elections/2020%20Election/Financial/DecSPark.pdf,,2026-08-01,wasatch_fcr_3line,scanned,"tesseract OCR (pdftoppm 300dpi, psm 6)",raw/2020/2020_DecSPark.pdf,text/2020/2020_DecSPark.txt,1,267250,dbf7335d01fcf7356641e24c119aa5c018c09448e1b3635bc7a122792ec19a8b,origin,1,
2020-12-01,Steve Farrell,County Council,Seat B — At Large,2020,statement,December 2020 (30 days after General),Steve Farrell — County Council campaign financial report (December 2020 (30 days after General)),https://wasatch.utah.gov/Portals/0/Clerk/Pdfs/Elections/2020%20Election/Financial/DecSFarrell.pdf,,2026-08-01,wasatch_fcr_3line,scanned,"tesseract OCR (pdftoppm 300dpi, psm 6)",raw/2020/2020_DecSFarrell.pdf,text/2020/2020_DecSFarrell.txt,3,771430,4181ecc95ed0788e1bb3c3d36de95bf3764ea82ae86290bb714b78d56ee53e64,origin,1,
2020-12-01,Todd Griffin,County Assessor,,2020,statement,December 2020 (30 days after General),Todd Griffin — County Assessor campaign financial report (December 2020 (30 days after General)),https://wasatch.utah.gov/Portals/0/Clerk/Pdfs/Elections/2020%20Election/Financial/DecTGriffin.pdf,,2026-08-01,wasatch_fcr_3line,text,pdftotext -layout,raw/2020/2020_DecTGriffin.pdf,text/2020/2020_DecTGriffin.txt,2,492205,1cc85b53f8372281281460aac7f5da066d6cc68ba12e69799046d60352cdee91,origin,1,
2022-06-01,Erik Kim Rowland,County Council,Seat C — Heber North,2022,statement,Primary/June 2022,Erik Kim Rowland — County Council campaign financial report (Primary/June 2022),https://wasatch.utah.gov/Portals/0/Clerk/Pdfs/Elections/2022%20Election/Financial/ERowlandPrimaryFinancialDisclosure.pdf,,2026-08-01,carr_5_5_pg_4line,scanned,"tesseract OCR (pdftoppm 300dpi, psm 6)",raw/2022/202206_ERowlandPrimaryFinancialDisclosure.pdf,text/2022/202206_ERowlandPrimaryFinancialDisclosure.txt,2,5106063,b8c133f78ff920de59c9c9a19dbb6a52133354e3d90c383986b2b6f41b51d67c,origin,1,
2022-06-01,Jared W. Rigby,County Sheriff,,2022,statement,Primary/June 2022,Jared W. Rigby — County Sheriff campaign financial report (Primary/June 2022),https://wasatch.utah.gov/Portals/0/Clerk/Pdfs/Elections/2022%20Election/Financial/JRigbyFinancialDisclosure.pdf,,2026-08-01,carr_5_5_pg_4line,scanned,"tesseract OCR (pdftoppm 300dpi, psm 6)",raw/2022/202206_JRigbyFinancialDisclosure.pdf,text/2022/202206_JRigbyFinancialDisclosure.txt,3,547100,4ce30810a58aa159898be415739fd5581e7da375b0aa808ee3406f3a52e676ae,origin,1,
2022-06-01,Joey D. Granger,Clerk/Auditor,,2022,statement,Primary/June 2022,Joey D. Granger — Clerk/Auditor campaign financial report (Primary/June 2022),https://wasatch.utah.gov/Portals/0/Clerk/Pdfs/Elections/2022%20Election/Financial/JGrangerPrimaryFinancialCampaignReport.pdf,,2026-08-01,carr_5_5_pg_4line,scanned,"tesseract OCR (pdftoppm 300dpi, psm 6)",raw/2022/202206_JGrangerPrimaryFinancialCampaignReport.pdf,text/2022/202206_JGrangerPrimaryFinancialCampaignReport.txt,3,1529905,8f5e6909bc42767a0c4a9140cf12f7a425f01967da1065250ba84b7d87c3bb1c,origin,1,
2022-06-01,Karl G. McMillan,County Council,Seat F — County East,2022,statement,Primary/June 2022,Karl G. McMillan — County Council campaign financial report (Primary/June 2022),https://wasatch.utah.gov/Portals/0/Clerk/Pdfs/Elections/2022%20Election/Financial/K.%20Mcmillan%20Financial%20Campaign%20disclosure.pdf,,2026-08-01,carr_5_5_pg_4line,scanned,"tesseract OCR (pdftoppm 300dpi, psm 6)",raw/2022/202206_K.-Mcmillan-Financial-Campaign-disclosure.pdf,text/2022/202206_K.-Mcmillan-Financial-Campaign-disclosure.txt,1,223634,483af316a4ec12936ca45cb801a56562b7d59ce31d5d1b5b0e9c7d0b99ff7a0a,origin,1,
2022-06-01,Kim Facer,County Council,Seat A — At Large,2022,statement,Primary/June 2022,Kim Facer — County Council campaign financial report (Primary/June 2022),https://wasatch.utah.gov/Portals/0/Clerk/Pdfs/Elections/2022%20Election/Financial/K.%20Facer%20Financial%20Disclosure.pdf,,2026-08-01,carr_5_5_pg_4line,scanned,"tesseract OCR (pdftoppm 300dpi, psm 6)",raw/2022/202206_K.-Facer-Financial-Disclosure.pdf,text/2022/202206_K.-Facer-Financial-Disclosure.txt,3,124982,49f22eba588f07d28d35d901b75f42536d57c7f76a74c74f59709cdf571c79d7,origin,1,
2022-06-01,Luke Searle,County Council,Seat A — At Large,2022,statement,Primary/June 2022,Luke Searle — County Council campaign financial report (Primary/June 2022),https://wasatch.utah.gov/Portals/0/Clerk/Pdfs/Elections/2022%20Election/Financial/L.%20Searle%20Financial%20Disclosure.pdf,,2026-08-01,carr_5_5_pg_4line,text,pdftotext -layout,raw/2022/202206_L.-Searle-Financial-Disclosure.pdf,text/2022/202206_L.-Searle-Financial-Disclosure.txt,4,5464021,c3ae04b9a7b78e261ca5d8fbe5bbb938e8ad00939f42bfbc9d16efe058d3c09c,origin,1,
2022-06-01,Scott H. Sweat,County Attorney,,2022,statement,Primary/June 2022,Scott H. Sweat — County Attorney campaign financial report (Primary/June 2022),https://wasatch.utah.gov/Portals/0/Clerk/Pdfs/Elections/2022%20Election/Financial/SSweatFinancialDisclosure.pdf,,2026-08-01,carr_5_5_pg_4line,text,pdftotext -layout,raw/2022/202206_SSweatFinancialDisclosure.pdf,text/2022/202206_SSweatFinancialDisclosure.txt,3,1336458,e6855ca1c3845c87caf29b071842d48e779aa0897f6795aea3eb0a32498adff5,origin,1,
2022-11-01,Erik Kim Rowland,County Council,Seat C — Heber North,2022,statement,General 2022,Erik Kim Rowland — County Council campaign financial report (General 2022),https://wasatch.utah.gov/Portals/0/Clerk/Pdfs/Elections/2022%20Election/Financial/E.%20Rowland%20Financial%20Disclosure.pdf,,2026-08-01,carr_5_5_pg_4line,scanned,"tesseract OCR (pdftoppm 300dpi, psm 6)",raw/2022/202211_E.-Rowland-Financial-Disclosure.pdf,text/2022/202211_E.-Rowland-Financial-Disclosure.txt,2,5143152,ebf0ad6404870226f7641cc17d43425d7084bcb195eb944db000c74adb568233,origin,1,
2022-11-01,Jared W. Rigby,County Sheriff,,2022,statement,General 2022,Jared W. Rigby — County Sheriff campaign financial report (General 2022),https://wasatch.utah.gov/Portals/0/Clerk/Pdfs/Elections/2022%20Election/Financial/Jared%20Rigby's%20Financial%20Campaign%20Report%2011.1.22.pdf,,2026-08-01,carr_5_5_pg_4line,scanned,"tesseract OCR (pdftoppm 300dpi, psm 6)",raw/2022/202211_Jared-Rigbys-Financial-Campaign-Report-11.1.22.pdf,text/2022/202211_Jared-Rigbys-Financial-Campaign-Report-11.1.22.txt,3,555048,f90a952ffef35fb7d3c70f7142411e7ae0eadadbf5f24ce774c6f9dab29d4257,origin,1,
2022-11-01,Joey D. Granger,Clerk/Auditor,,2022,statement,General 2022,Joey D. Granger — Clerk/Auditor campaign financial report (General 2022),https://wasatch.utah.gov/Portals/0/Clerk/Pdfs/Elections/2022%20Election/Financial/J.%20Granger%20Financial%20Disclosure%20General_001.pdf,,2026-08-01,carr_5_5_pg_4line,text,pdftotext -layout,raw/2022/202211_J.-Granger-Financial-Disclosure-General_001.pdf,text/2022/202211_J.-Granger-Financial-Disclosure-General_001.txt,3,504837,3fa0e024a4fb0063aa3be61dcceaaad6c9a3a945c83e6fe9cb31a4afcaef0d36,origin,1,
2022-11-01,Karl G. McMillan,County Council,Seat F — County East,2022,statement,General 2022,Karl G. McMillan — County Council campaign financial report (General 2022),https://wasatch.utah.gov/Portals/0/Clerk/Pdfs/Elections/2022%20Election/Financial/K.%20McMillan%20Financial%20Disclosure%20General_001.pdf,,2026-08-01,carr_5_5_pg_4line,text,pdftotext -layout,raw/2022/202211_K.-McMillan-Financial-Disclosure-General_001.pdf,text/2022/202211_K.-McMillan-Financial-Disclosure-General_001.txt,3,509947,1effbd7b1af10529640dd7c41fbe9e71bf40e2c4184af8f88f842c592458d240,origin,1,
2022-11-01,Luke Searle,County Council,Seat A — At Large,2022,statement,General 2022,Luke Searle — County Council campaign financial report (General 2022),https://wasatch.utah.gov/Portals/0/Clerk/Pdfs/Elections/2022%20Election/Financial/L.%20Searle%20Financial%20Disclosure%20General.pdf,,2026-08-01,carr_5_5_pg_4line,text,pdftotext -layout,raw/2022/202211_L.-Searle-Financial-Disclosure-General.pdf,text/2022/202211_L.-Searle-Financial-Disclosure-General.txt,4,10188573,97c2b2f642c0cd0c27ffd436ce26c67c66dfec3803b6cbcb30791a480e896531,origin,1,
2022-11-01,Scott H. Sweat,County Attorney,,2022,statement,General 2022,Scott H. Sweat — County Attorney campaign financial report (General 2022),https://wasatch.utah.gov/Portals/0/Clerk/Pdfs/Elections/2022%20Election/Financial/S.%20Sweat%20Financial%20Disclosure%20General_001.pdf,,2026-08-01,carr_5_5_pg_4line,text,pdftotext -layout,raw/2022/202211_S.-Sweat-Financial-Disclosure-General_001.pdf,text/2022/202211_S.-Sweat-Financial-Disclosure-General_001.txt,3,611446,6bfb6ef051fec1b8dbc191067cf6d92f40c71c207a57d5c67f07d1ebd31776b5,origin,1,
2024-03-26,Bob Adams,County Assessor,,2024,statement,March 2024 (state-site copy),Bob Adams — County Assessor campaign financial report (March 2024 (state-site copy)),http://municipal.utah.gov/wasatch\2024\Adams Campaign Financial Disclosure 03-26-24.pdf,,2026-08-01,wasatch_disclosure_tableab,scanned,"tesseract OCR (pdftoppm 300dpi, psm 6)",raw/2024/202403_state_Adams.pdf,text/2024/202403_state_Adams.txt,2,2248946,ea2c4e7e71cedd5cf43e478e86b54f4100cab3a857571fadfc0a86bc971eccb8,origin,1,"Lt. Governor site copy (disclosures.utah.gov /Municipal/wasatch_2024) — the ONLY county-office filing the state system holds for Wasatch in an even year after 2012. Not a duplicate of the county's June copy (different report date, 03-26-24)."
2024-06-01,Amber Gibbs,County Treasurer,,2024,statement,June 2024 (pre-primary),Amber Gibbs — County Treasurer campaign financial report (June 2024 (pre-primary)),https://wasatch.utah.gov/Portals/0/Clerk/Pdfs/Elections/2024%20Election/DisclosureNotices/AmberGibbsJuneDisclosure2024.pdf,,2026-08-01,wasatch_disclosure_tableab,text,pdftotext -layout,raw/2024/202406_AmberGibbs.pdf,text/2024/202406_AmberGibbs.txt,2,1179469,c3ec41e497149d37db4db0f3fda6f667440d287b52b14d8b08680e7d70a3f292,origin,1,
2024-06-01,Bob Adams,County Assessor,,2024,statement,June 2024 (pre-primary),Bob Adams — County Assessor campaign financial report (June 2024 (pre-primary)),https://wasatch.utah.gov/Portals/0/Clerk/Pdfs/Elections/2024%20Election/DisclosureNotices/BobAdamsJuneDisclosure2024.pdf,,2026-08-01,wasatch_disclosure_tableab,scanned,"tesseract OCR (pdftoppm 300dpi, psm 6)",raw/2024/202406_BobAdams.pdf,text/2024/202406_BobAdams.txt,3,3265534,af2fe5a9ded708225cfc0cb7af62fdbc6ae4af5b0cc41423294be7b9ab54e06e,origin,1,
2024-06-01,Colleen Bonner,County Council,Seat B,2024,statement,June 2024 (pre-primary),Colleen Bonner — County Council campaign financial report (June 2024 (pre-primary)),https://wasatch.utah.gov/Portals/0/Clerk/Pdfs/Elections/2024%20Election/DisclosureNotices/ColleenBonnerJuneDisclosure2024.pdf,,2026-08-01,wasatch_disclosure_tableab,text,pdftotext -layout,raw/2024/202406_ColleenBonner.pdf,text/2024/202406_ColleenBonner.txt,2,1012081,fc2ab868cfcb0076f2810a04ac8149038bc7153cbcbda2a25b9802478488acfd,origin,1,
2024-06-01,James C. Kaiserman,County Surveyor,,2024,statement,June 2024 (pre-primary),James C. Kaiserman — County Surveyor campaign financial report (June 2024 (pre-primary)),https://wasatch.utah.gov/Portals/0/Clerk/Pdfs/Elections/2024%20Election/DisclosureNotices/JamesCKaisermanJuneDisclosure2024.pdf,,2026-08-01,wasatch_disclosure_tableab,text,pdftotext -layout,raw/2024/202406_JamesCKaiserman.pdf,text/2024/202406_JamesCKaiserman.txt,2,704472,9c77d000488f13d7aaf0ea5220eb344527fb45d3853d96ab0b6fe0e1382a63c4,origin,1,
2024-06-01,Jami Smith Hewlett,County Council,Seat D,2024,statement,June 2024 (pre-primary),Jami Smith Hewlett — County Council campaign financial report (June 2024 (pre-primary)),https://wasatch.utah.gov/Portals/0/Clerk/Pdfs/Elections/2024%20Election/DisclosureNotices/JamiSmithHewlettJuneDisclosure2024.pdf,,2026-08-01,wasatch_disclosure_tableab,scanned,"tesseract OCR (pdftoppm 300dpi, psm 6)",raw/2024/202406_JamiSmithHewlett.pdf,text/2024/202406_JamiSmithHewlett.txt,2,1055412,f30064cdbddfd6b0c90ca7536e1247bd5317bbfc2919297cfbc8fa3fa29a859d,origin,1,
2024-06-01,Kendall Crittenden,County Council,Seat D,2024,statement,June 2024 (pre-primary),Kendall Crittenden — County Council campaign financial report (June 2024 (pre-primary)),https://wasatch.utah.gov/Portals/0/Clerk/Pdfs/Elections/2024%20Election/DisclosureNotices/KendallCrittendenJuneDisclosure2024.pdf,,2026-08-01,wasatch_disclosure_tableab,text,pdftotext -layout,raw/2024/202406_KendallCrittenden.pdf,text/2024/202406_KendallCrittenden.txt,2,1196820,cb975802e81b09bb1a11ae684b31f7045daf8fb208fd9ff6c3232b7e847de452,origin,1,
2024-06-01,Marcy Murray,County Recorder,,2024,statement,June 2024 (pre-primary),Marcy Murray — County Recorder campaign financial report (June 2024 (pre-primary)),https://wasatch.utah.gov/Portals/0/Clerk/Pdfs/Elections/2024%20Election/DisclosureNotices/MarcyMurrayJuneDisclosure2024.pdf,,2026-08-01,wasatch_disclosure_tableab,text,pdftotext -layout,raw/2024/202406_MarcyMurray.pdf,text/2024/202406_MarcyMurray.txt,2,1096557,dbbaf03c321e6c337d87cf8f7d7b6522eb6fe6316aaa8850b47daa9230011fd4,origin,1,
2024-06-01,Mark B. Nelson,County Council,Seat E,2024,statement,June 2024 (pre-primary),Mark B. Nelson — County Council campaign financial report (June 2024 (pre-primary)),https://wasatch.utah.gov/Portals/0/Clerk/Pdfs/Elections/2024%20Election/DisclosureNotices/MarkNelsonJuneDisclosure2024.pdf,,2026-08-01,wasatch_disclosure_tableab,text,pdftotext -layout,raw/2024/202406_MarkNelson.pdf,text/2024/202406_MarkNelson.txt,2,1121684,8125adc34ebfb1b5d66e054b4810392c1fd9d90ccdee1d5135cc898416bb8a4b,origin,1,
2024-06-01,Nick Lopez,County Council,Seat B,2024,statement,June 2024 (pre-primary),Nick Lopez — County Council campaign financial report (June 2024 (pre-primary)),https://wasatch.utah.gov/Portals/0/Clerk/Pdfs/Elections/2024%20Election/DisclosureNotices/NickLopezJuneDisclosure2024.pdf,,2026-08-01,wasatch_disclosure_tableab,text,pdftotext -layout,raw/2024/202406_NickLopez.pdf,text/2024/202406_NickLopez.txt,2,1159100,f86e35072c024ab0e24c10c8a79cd74c87881fe4ca9d99d7334a1fc15a3d9e1c,origin,1,
2024-06-01,Sherrie Bercuson,County Council,Seat E,2024,statement,June 2024 (pre-primary),Sherrie Bercuson — County Council campaign financial report (June 2024 (pre-primary)),https://wasatch.utah.gov/Portals/0/Clerk/Pdfs/Elections/2024%20Election/DisclosureNotices/SherrieBercusonJuneDisclosure2024.pdf,,2026-08-01,wasatch_disclosure_tableab,text,pdftotext -layout,raw/2024/202406_SherrieBercuson.pdf,text/2024/202406_SherrieBercuson.txt,2,1118966,e9b29d9dbf1de42d7349782366ec504d61892c089f87a5b40a1e17b54edbd592,origin,1,
2024-06-01,Spencer J. Park,County Council,Seat G,2024,statement,June 2024 (pre-primary),Spencer J. Park — County Council campaign financial report (June 2024 (pre-primary)),https://wasatch.utah.gov/Portals/0/Clerk/Pdfs/Elections/2024%20Election/DisclosureNotices/SpencerParkJuneDisclosure2024.pdf,,2026-08-01,wasatch_disclosure_tableab,text,pdftotext -layout,raw/2024/202406_SpencerPark.pdf,text/2024/202406_SpencerPark.txt,2,91444,407e993dd6adcf6bd2a877d458507ef03fc6ccddaa7877f25925b588f98d4ee8,origin,1,
2024-06-01,Todd M. Griffin,County Assessor,,2024,statement,June 2024 (pre-primary),Todd M. Griffin — County Assessor campaign financial report (June 2024 (pre-primary)),https://wasatch.utah.gov/Portals/0/Clerk/Pdfs/Elections/2024%20Election/DisclosureNotices/ToddGriffinJuneDisclosure2024.pdf,,2026-08-01,wasatch_disclosure_tableab,scanned,"tesseract OCR (pdftoppm 300dpi, psm 6)",raw/2024/202406_ToddGriffin.pdf,text/2024/202406_ToddGriffin.txt,2,1681716,b56b5179c00c17eaf7fee9e043027cfa1d9509039b66e34042623636b97020a6,origin,1,
2024-06-01,Tori E. Broughton,County Council,Seat D,2024,statement,June 2024 (pre-primary),Tori E. Broughton — County Council campaign financial report (June 2024 (pre-primary)),https://wasatch.utah.gov/Portals/0/Clerk/Pdfs/Elections/2024%20Election/DisclosureNotices/ToriBroughtonJuneDisclosure2024.pdf,,2026-08-01,wasatch_disclosure_tableab,scanned,"tesseract OCR (pdftoppm 300dpi, psm 6)",raw/2024/202406_ToriBroughton.pdf,text/2024/202406_ToriBroughton.txt,2,7335743,43dae57f8ab54426934d7ec4c1e0298ee2e22ade0873777fac59d19501089f92,origin,1,Image-only scan; OCR too degraded to read the form header — form family left blank (honest gap).
2024-11-01,Bob Adams,County Assessor,,2024,statement,General 2024 (pre-general / post-election),Bob Adams — County Assessor campaign financial report (General 2024 (pre-general / post-election)),https://www.wasatchcounty.gov/downloads/file/727/b-adams-10-29-24,https://web.archive.org/web/2id_/https://www.wasatchcounty.gov/downloads/file/727/b-adams-10-29-24,2026-08-01,wasatch_disclosure_tableab,text,pdftotext -layout,raw/2024/202411_727_b-adams-10-29-24.pdf,text/2024/202411_727_b-adams-10-29-24.txt,2,864996,a322fc7a2f28b7f1a30c1ad3a675e158b29eae51f76b4c5edae9e946eb1198bc,wayback_latest,1,Recovered from the Internet Archive with no pinned timestamp (the retired Jadu CMS 404s); its sibling b-adams-9-30-24 was never archived — see unrecovered.csv.
2024-11-01,Colleen Bonner,County Council,Seat B,2024,statement,General 2024 (pre-general / post-election),Colleen Bonner — County Council campaign financial report (General 2024 (pre-general / post-election)),https://www.wasatchcounty.gov/downloads/file/746/colleen-bonner-campaign-001,https://web.archive.org/web/20241121030854id_/https://www.wasatchcounty.gov/downloads/file/746/colleen-bonner-campaign-001,2026-08-01,wasatch_disclosure_tableab,text,pdftotext -layout,raw/2024/202411_746_colleen-bonner-campaign-001.pdf,text/2024/202411_746_colleen-bonner-campaign-001.txt,2,1244612,bbb0b3addca949a33282ca1e69d30a76417f7e6bc2ef02a8492149db1b878cf3,wayback,1,
2024-11-01,James C. Kaiserman,County Surveyor,,2024,statement,General 2024 (pre-general / post-election),James C. Kaiserman — County Surveyor campaign financial report (General 2024 (pre-general / post-election)),https://www.wasatchcounty.gov/downloads/file/735/j-kaiserman-general-001,https://web.archive.org/web/20250418160126id_/https://www.wasatchcounty.gov/downloads/file/735/j-kaiserman-general-001,2026-08-01,wasatch_disclosure_tableab,text,pdftotext -layout,raw/2024/202411_735_j-kaiserman-general-001.pdf,text/2024/202411_735_j-kaiserman-general-001.txt,2,1225551,b6d75686b541d46ca410a92c0cf11beecd0c92d6204e8ffca961962bbfeed3b1,wayback,1,
2024-11-01,Jami Smith Hewlett,County Council,Seat D,2024,statement,General 2024 (pre-general / post-election),Jami Smith Hewlett — County Council campaign financial report (General 2024 (pre-general / post-election)),https://www.wasatchcounty.gov/downloads/file/729/j-hewlett-general,https://web.archive.org/web/20241121030823id_/https://www.wasatchcounty.gov/downloads/file/729/j-hewlett-general,2026-08-01,wasatch_disclosure_tableab,text,pdftotext -layout,raw/2024/202411_729_j-hewlett-general.pdf,text/2024/202411_729_j-hewlett-general.txt,2,762863,a27f8b09d7ff8a76b8ad0eaabc397e4d7a54755721460254cb887bc04d14d8b0,wayback,1,
2024-11-01,Marcy Murray,County Recorder,,2024,statement,General 2024 (pre-general / post-election),Marcy Murray — County Recorder campaign financial report (General 2024 (pre-general / post-election)),https://www.wasatchcounty.gov/downloads/file/731/m-murray-general,https://web.archive.org/web/20250418024444id_/https://www.wasatchcounty.gov/downloads/file/731/m-murray-general,2026-08-01,wasatch_disclosure_tableab,text,pdftotext -layout,raw/2024/202411_731_m-murray-general.pdf,text/2024/202411_731_m-murray-general.txt,2,1159579,8f409b51ea00d18ef7fbb6197cc4fc4d83df87d50cbcae0d2db52e3190d28d9b,wayback,1,
2024-11-01,Sherrie Bercuson,County Council,Seat E,2024,statement,General 2024 (pre-general / post-election),Sherrie Bercuson — County Council campaign financial report (General 2024 (pre-general / post-election)),https://www.wasatchcounty.gov/downloads/file/728/s-bercusson-general-001,https://web.archive.org/web/20241121030804id_/https://www.wasatchcounty.gov/downloads/file/728/s-bercusson-general-001,2026-08-01,wasatch_disclosure_tableab,text,pdftotext -layout,raw/2024/202411_728_s-bercusson-general-001.pdf,text/2024/202411_728_s-bercusson-general-001.txt,2,855417,669db49e39cbb329413deddb48de3cb88d8c4c9359ec899753f6b965f2706046,wayback,1,
2024-11-01,Spencer J. Park,County Council,Seat G,2024,statement,General 2024 (pre-general / post-election),Spencer J. Park — County Council campaign financial report (General 2024 (pre-general / post-election)),https://www.wasatchcounty.gov/downloads/file/732/s-park-general,https://web.archive.org/web/20241121030925id_/https://www.wasatchcounty.gov/downloads/file/732/s-park-general,2026-08-01,wasatch_disclosure_tableab,text,pdftotext -layout,raw/2024/202411_732_s-park-general.pdf,text/2024/202411_732_s-park-general.txt,5,119421,536f77373902bf513d32050b742bfa9a2d58cf1ec78fd2b8412058e2dd5edbaa,wayback,1,
2026-03-31,Eric Mainord,County Sheriff,(withdrawn),2026,statement,"March 2026 (Partisan Convention Report, due 3/31)","Eric Mainord — County Sheriff campaign financial report (March 2026 (Partisan Convention Report, due 3/31))",https://www.wasatchcounty.gov/DocumentCenter/View/1083/E-Mainord-Campaign-Financial-Disclosure-3312026,,2026-08-01,wasatch_disclosure_tableab,text,pdftotext -layout,raw/2026/202603_E-Mainord.pdf,text/2026/202603_E-Mainord.txt,4,1614916,502e4f99de4f6966b551a0e15467b4bb282ffb5e6802608aa79ed1de5917f85f,origin,1,
2026-03-31,Erik K. Rowland,County Council,Seat C,2026,statement,"March 2026 (Partisan Convention Report, due 3/31)","Erik K. Rowland — County Council campaign financial report (March 2026 (Partisan Convention Report, due 3/31))",https://www.wasatchcounty.gov/DocumentCenter/View/1084/E-Rowland-Campaign-Financial-Disclosure-3312026,,2026-08-01,wasatch_disclosure_tableab,scanned,"tesseract OCR (pdftoppm 300dpi, psm 6)",raw/2026/202603_E-Rowland.pdf,text/2026/202603_E-Rowland.txt,2,146449,773631957916eb7144eb959a26e4af77eb219fdf2a105bfae77839a6005bb0b0,origin,1,
2026-03-31,Jared W. Rigby,County Sheriff,,2026,statement,"March 2026 (Partisan Convention Report, due 3/31)","Jared W. Rigby — County Sheriff campaign financial report (March 2026 (Partisan Convention Report, due 3/31))",https://www.wasatchcounty.gov/DocumentCenter/View/1087/J-Rigby-Campaign-Financial-Disclosure-3312026,,2026-08-01,wasatch_disclosure_tableab,scanned,"tesseract OCR (pdftoppm 300dpi, psm 6)",raw/2026/202603_J-Rigby.pdf,text/2026/202603_J-Rigby.txt,2,319549,6c7ed73814203989cc475df0a17f35c4653f2c399ff07527d4f3f9bb8c31c00a,origin,1,
2026-03-31,Jeremy M. Hales,County Sheriff,,2026,statement,"March 2026 (Partisan Convention Report, due 3/31)","Jeremy M. Hales — County Sheriff campaign financial report (March 2026 (Partisan Convention Report, due 3/31))",https://www.wasatchcounty.gov/DocumentCenter/View/1086/J-Hales-Campaign-Financial-Disclosure-3312026,,2026-08-01,wasatch_disclosure_tableab,text,pdftotext -layout,raw/2026/202603_J-Hales.pdf,text/2026/202603_J-Hales.txt,5,2131629,e198071785eb429ff3b3f0c1a987b9bf98d50230262ff224b8899323f82f4b19,origin,1,
2026-03-31,Joey D. Granger,Clerk/Auditor,,2026,statement,"March 2026 (Partisan Convention Report, due 3/31)","Joey D. Granger — Clerk/Auditor campaign financial report (March 2026 (Partisan Convention Report, due 3/31))",https://www.wasatchcounty.gov/DocumentCenter/View/1085/J-Granger-Campaign-Financial-Disclosure-3312026,,2026-08-01,wasatch_disclosure_tableab,text,pdftotext -layout,raw/2026/202603_J-Granger.pdf,text/2026/202603_J-Granger.txt,2,1164494,207a7c49b08456677db33dbeed07ecec468488ca026fc64ef2744241fefb0792,origin,1,
2026-03-31,Jon Woodard,County Attorney,,2026,statement,"March 2026 (Partisan Convention Report, due 3/31)","Jon Woodard — County Attorney campaign financial report (March 2026 (Partisan Convention Report, due 3/31))",https://www.wasatchcounty.gov/DocumentCenter/View/1089/J-Woodard-Campaign-Financial-Disclosure-3312026,,2026-08-01,wasatch_disclosure_tableab,text,pdftotext -layout,raw/2026/202603_J-Woodard.pdf,text/2026/202603_J-Woodard.txt,3,55675,6cdd383c69307fbb63e7aa24fd0f454d5a59048a2cad1655042c767ef186b965,origin,1,
2026-03-31,Joseph A. Tugaw,County Council,Seat F,2026,statement,"March 2026 (Partisan Convention Report, due 3/31)","Joseph A. Tugaw — County Council campaign financial report (March 2026 (Partisan Convention Report, due 3/31))",https://www.wasatchcounty.gov/DocumentCenter/View/1088/J-Tugaw-Campaign-Financial-Disclosure-3312026,,2026-08-01,wasatch_disclosure_tableab,scanned,"tesseract OCR (pdftoppm 300dpi, psm 6)",raw/2026/202603_J-Tugaw.pdf,text/2026/202603_J-Tugaw.txt,2,253522,c0c90263c09de71be855b6869977e428626b9f4af1e33a0f96bd7880a589ebf5,origin,1,
2026-03-31,Karl McMillan,County Council,Seat F (withdrawn),2026,statement,"March 2026 (Partisan Convention Report, due 3/31)","Karl McMillan — County Council campaign financial report (March 2026 (Partisan Convention Report, due 3/31))",https://www.wasatchcounty.gov/DocumentCenter/View/1090/K-McMillan-Campaign-Financial-Disclosure-3312026,,2026-08-01,wasatch_disclosure_tableab,text,pdftotext -layout,raw/2026/202603_K-McMillan.pdf,text/2026/202603_K-McMillan.txt,2,1138236,c915d194212a8ddc4517eb94cd398287e54e6a314742d9c7d99be1a6bad1f313,origin,1,
2026-03-31,Lauren Forsyth,County Attorney,,2026,statement,"March 2026 (Partisan Convention Report, due 3/31)","Lauren Forsyth — County Attorney campaign financial report (March 2026 (Partisan Convention Report, due 3/31))",https://www.wasatchcounty.gov/DocumentCenter/View/1091/L-Forsyth-Campaign-Financial-Disclosure-412026,,2026-08-01,wasatch_disclosure_tableab,scanned,"tesseract OCR (pdftoppm 300dpi, psm 6)",raw/2026/202603_L-Forsyth.pdf,text/2026/202603_L-Forsyth.txt,2,847121,5c217aea9395ea9c09167001be4a3feea2071a8d2f9bff000b4a1566671fd445,origin,1,
2026-03-31,Michael Murphy,County Council,Seat F,2026,statement,"March 2026 (Partisan Convention Report, due 3/31)","Michael Murphy — County Council campaign financial report (March 2026 (Partisan Convention Report, due 3/31))",https://www.wasatchcounty.gov/DocumentCenter/View/1100/M-Murphy-Campaign-Financial-Disclosure-3312026,,2026-08-01,wasatch_disclosure_tableab,text,pdftotext -layout,raw/2026/202603_M-Murphy.pdf,text/2026/202603_M-Murphy.txt,2,108257,3f5431ed770d65bf0812024892f71a519e00b245abc9255a5d76d14a9d9db054,origin,1,
2026-03-31,Michelle Kellogg,Clerk/Auditor,,2026,statement,"March 2026 (Partisan Convention Report, due 3/31)","Michelle Kellogg — Clerk/Auditor campaign financial report (March 2026 (Partisan Convention Report, due 3/31))",https://www.wasatchcounty.gov/DocumentCenter/View/1092/M-Kellogg-Campaign-Financial-Disclosure-3312026,,2026-08-01,wasatch_disclosure_tableab,text,pdftotext -layout,raw/2026/202603_M-Kellogg.pdf,text/2026/202603_M-Kellogg.txt,2,784809,9ac510d11a36a9efbb7f2cbd48336772cc2da00660cfebc64d5821ef4bfd48eb,origin,1,
2026-03-31,Patrick M. Saucier,County Council,Seat A,2026,statement,"March 2026 (Partisan Convention Report, due 3/31)","Patrick M. Saucier — County Council campaign financial report (March 2026 (Partisan Convention Report, due 3/31))",https://www.wasatchcounty.gov/DocumentCenter/View/1093/P-Saucier-Campaign-Financial-Disclosure-4012026,,2026-08-01,wasatch_disclosure_tableab,scanned,"tesseract OCR (pdftoppm 300dpi, psm 6)",raw/2026/202603_P-Saucier.pdf,text/2026/202603_P-Saucier.txt,2,71665,6cdc1cdac9b19a71774e43458979f21818da69c63723fa6e81916e78430478fe,origin,1,
2026-03-31,Rachel Kahler,County Council,Seat A,2026,statement,"March 2026 (Partisan Convention Report, due 3/31)","Rachel Kahler — County Council campaign financial report (March 2026 (Partisan Convention Report, due 3/31))",https://www.wasatchcounty.gov/DocumentCenter/View/1094/R-Kahler-Campaign-Financial-Disclosure-3312026,,2026-08-01,wasatch_disclosure_tableab,text,pdftotext -layout,raw/2026/202603_R-Kahler.pdf,text/2026/202603_R-Kahler.txt,3,87460,55e6d4a30a3ca65edcadbe7f681eef77448e2ab855714045ccbc9affee5af192,origin,1,
2026-03-31,Steve Farrell,County Council,Seat A,2026,statement,"March 2026 (Partisan Convention Report, due 3/31)","Steve Farrell — County Council campaign financial report (March 2026 (Partisan Convention Report, due 3/31))",https://www.wasatchcounty.gov/DocumentCenter/View/1095/S-Farrell-Campaign-Financial-Disclosure-3312026,,2026-08-01,wasatch_disclosure_tableab,scanned,"tesseract OCR (pdftoppm 300dpi, psm 6)",raw/2026/202603_S-Farrell.pdf,text/2026/202603_S-Farrell.txt,3,2230822,20b93ee97d892c15fbbadbd939b7fb7e38b19b59a79ebe42d760844c850bb97a,origin,1,
2026-03-31,William B. Vance,County Council,Seat A,2026,statement,"March 2026 (Partisan Convention Report, due 3/31)","William B. Vance — County Council campaign financial report (March 2026 (Partisan Convention Report, due 3/31))",https://www.wasatchcounty.gov/DocumentCenter/View/1096/W-Vance-Campaign-Financial-Disclosure-3312026,,2026-08-01,wasatch_disclosure_tableab,scanned,"tesseract OCR (pdftoppm 300dpi, psm 6)",raw/2026/202603_W-Vance.pdf,text/2026/202603_W-Vance.txt,2,687832,5aaaa54ce5fa7c28baa48aaadead6cb45ea5f4ba4c2638707affa68e4fe85517,origin,1,
2026-06-01,Erik K. Rowland,County Council,Seat C,2026,statement,June 2026 (Primary / Elimination Report),Erik K. Rowland — County Council campaign financial report (June 2026 (Primary / Elimination Report)),https://www.wasatchcounty.gov/DocumentCenter/View/1310/E-Rowland--June-Campaign-Financial-Disclosure-,,2026-08-01,wasatch_disclosure_tableab,scanned,"tesseract OCR (pdftoppm 300dpi, psm 6)",raw/2026/202606_E-Rowland.pdf,text/2026/202606_E-Rowland.txt,2,134225,d53d487f5cb578877373eb5c29a13645fdcc8b7280236280ea706ef157a8fc0c,origin,1,
2026-06-01,Jared W. Rigby,County Sheriff,,2026,statement,June 2026 (Primary / Elimination Report),Jared W. Rigby — County Sheriff campaign financial report (June 2026 (Primary / Elimination Report)),https://www.wasatchcounty.gov/DocumentCenter/View/1335/J-Rigby--June-Campaign-Financial-Disclosure,,2026-08-01,wasatch_disclosure_tableab,text,pdftotext -layout,raw/2026/202606_J-Rigby.pdf,text/2026/202606_J-Rigby.txt,3,1855664,dea1f4efb3fd9d692718fb2d7e5893950dcb7d7189b56764ae39d9aeb8d61992,origin,1,
2026-06-01,Jeremy M. Hales,County Sheriff,,2026,statement,June 2026 (Primary / Elimination Report),Jeremy M. Hales — County Sheriff campaign financial report (June 2026 (Primary / Elimination Report)),https://www.wasatchcounty.gov/DocumentCenter/View/1316/J-Hales--June-Campaign-Financial-Disclosure,,2026-08-01,wasatch_disclosure_tableab,text,pdftotext -layout,raw/2026/202606_J-Hales.pdf,text/2026/202606_J-Hales.txt,8,775067,4cfba8b4ff7c90a987ecd74ab0cefefc7127bf64d55431be8836a514bdc52124,origin,1,
2026-06-01,Joey D. Granger,Clerk/Auditor,,2026,statement,June 2026 (Primary / Elimination Report),Joey D. Granger — Clerk/Auditor campaign financial report (June 2026 (Primary / Elimination Report)),https://www.wasatchcounty.gov/DocumentCenter/View/1315/J-Granger--June-Campaign-Financial-Disclosure,,2026-08-01,wasatch_disclosure_tableab,text,pdftotext -layout,raw/2026/202606_J-Granger.pdf,text/2026/202606_J-Granger.txt,2,1194200,01e34749db118620e86ed400dc53c1f7a61d007996aab0d05643d0e5d2c97bd9,origin,1,
2026-06-01,Jon Woodard,County Attorney,,2026,statement,June 2026 (Primary / Elimination Report),Jon Woodard — County Attorney campaign financial report (June 2026 (Primary / Elimination Report)),https://www.wasatchcounty.gov/DocumentCenter/View/1325/J-Woodard--June-Campaign-Financial-Disclosure,,2026-08-01,wasatch_disclosure_tableab,scanned,"tesseract OCR (pdftoppm 300dpi, psm 6)",raw/2026/202606_J-Woodard.pdf,text/2026/202606_J-Woodard.txt,2,6058510,5046711021881455f8c40a7fa6c0dd8e9c7da5e870e1fa55e1b64f01395e86ed,origin,1,
2026-06-01,Joseph A. Tugaw,County Council,Seat F,2026,statement,June 2026 (Primary / Elimination Report),Joseph A. Tugaw — County Council campaign financial report (June 2026 (Primary / Elimination Report)),https://www.wasatchcounty.gov/DocumentCenter/View/1317/J-Tugaw--June-Campaign-Financial-Disclosure,,2026-08-01,wasatch_disclosure_tableab,scanned,"tesseract OCR (pdftoppm 300dpi, psm 6)",raw/2026/202606_J-Tugaw.pdf,text/2026/202606_J-Tugaw.txt,1,349161,1f1d49404aeaa2526ad12c61ac0ac933e3b9c4d1fe81db6fdffd4230bb924588,origin,1,
2026-06-01,Lauren Forsyth,County Attorney,,2026,statement,June 2026 (Primary / Elimination Report),Lauren Forsyth — County Attorney campaign financial report (June 2026 (Primary / Elimination Report)),https://www.wasatchcounty.gov/DocumentCenter/View/1324/L-Forsyth--June-Campaign-Financial-Disclosure,,2026-08-01,wasatch_disclosure_tableab,scanned,"tesseract OCR (pdftoppm 300dpi, psm 6)",raw/2026/202606_L-Forsyth.pdf,text/2026/202606_L-Forsyth.txt,2,958252,4c963979848009f00f6419d55dbcb75e856d0783ccaca11e83536b259cd5b054,origin,1,
2026-06-01,Michael Murphy,County Council,Seat F,2026,statement,June 2026 (Primary / Elimination Report),Michael Murphy — County Council campaign financial report (June 2026 (Primary / Elimination Report)),https://www.wasatchcounty.gov/DocumentCenter/View/1319/M-Murphy--June-Campaign-Financial-Disclosure,,2026-08-01,wasatch_disclosure_tableab,text,pdftotext -layout,raw/2026/202606_M-Murphy.pdf,text/2026/202606_M-Murphy.txt,3,141934,5c68f1ad4b16d74eb27b24ec27b30079020357c9bb4c3d98d6351d1f1da2c2db,origin,1,
2026-06-01,Michelle Kellogg,Clerk/Auditor,,2026,statement,June 2026 (Primary / Elimination Report),Michelle Kellogg — Clerk/Auditor campaign financial report (June 2026 (Primary / Elimination Report)),https://www.wasatchcounty.gov/DocumentCenter/View/1318/M-Kellogg--June-Campaign-Financial-Disclosure,,2026-08-01,wasatch_disclosure_tableab,scanned,"tesseract OCR (pdftoppm 300dpi, psm 6)",raw/2026/202606_M-Kellogg.pdf,text/2026/202606_M-Kellogg.txt,2,1009859,df587b1399e2a46b43a76922f8cc1895a083ba13605eedd9d933cc16b3849d85,origin,1,
2026-06-01,Patrick M. Saucier,County Council,Seat A,2026,statement,June 2026 (Primary / Elimination Report),Patrick M. Saucier — County Council campaign financial report (June 2026 (Primary / Elimination Report)),https://www.wasatchcounty.gov/DocumentCenter/View/1326/P-Saucier--June-Campaign-Financial-Disclosure,,2026-08-01,wasatch_disclosure_tableab,text,pdftotext -layout,raw/2026/202606_P-Saucier.pdf,text/2026/202606_P-Saucier.txt,2,1157011,10466acc82d50654083e774b48b0ff7ad3748c9b78cf575a1d9430d3640d0559,origin,1,
2026-06-01,Rachel Kahler,County Council,Seat A,2026,statement,June 2026 (Primary / Elimination Report),Rachel Kahler — County Council campaign financial report (June 2026 (Primary / Elimination Report)),https://www.wasatchcounty.gov/DocumentCenter/View/1320/R-Kahler--June-Campaign-Financial-Disclosure,,2026-08-01,wasatch_disclosure_tableab,text,pdftotext -layout,raw/2026/202606_R-Kahler.pdf,text/2026/202606_R-Kahler.txt,3,190989,74626bb75f899fa483ad9afe3154ee1047b5a456daac6c52c290fba828e463c3,origin,1,
2026-06-01,Steve Farrell,County Council,Seat A,2026,statement,June 2026 (Primary / Elimination Report),Steve Farrell — County Council campaign financial report (June 2026 (Primary / Elimination Report)),https://www.wasatchcounty.gov/DocumentCenter/View/1321/S-Farrell-Elimination-Report,,2026-08-01,wasatch_disclosure_tableab,scanned,"tesseract OCR (pdftoppm 300dpi, psm 6)",raw/2026/202606_S-Farrell-elimination.pdf,text/2026/202606_S-Farrell-elimination.txt,2,2168714,b668494a51bc76920c666673e81408255bdbb65cbc4b2f7e2f7fab7fd10b9bbd,origin,1,Portal label says 'Elimination Report'; the FILING ITSELF has BOTH the 'Partisan Convention Report' and the 'Candidate Withdrawal/Disqualification/Elimination Report' boxes checked (signed 6/16/2026). Period recorded as published; the form is internally ambiguous — verified from the page image 2026-08-01.
2026-06-01,William B. Vance,County Council,Seat A,2026,statement,June 2026 (Primary / Elimination Report),William B. Vance — County Council campaign financial report (June 2026 (Primary / Elimination Report)),https://www.wasatchcounty.gov/DocumentCenter/View/1332/W-Vance--June-Campaign-Financial-Disclosure,,2026-08-01,wasatch_disclosure_tableab,text,pdftotext -layout,raw/2026/202606_W-Vance.pdf,text/2026/202606_W-Vance.txt,2,119039,eba321049ae72c939bb84cd9c92500c15edcb09933522b944866856bc2a93f06,origin,1,
