date,year,title,slug,path,source,source_url,format
2020-01-23,2020,Riverton Planning Commission Meeting,planning-commission,minutes/2020/2020-01-20/2020-01-23_planning-commission.md,pmn,https://www.utah.gov/pmn/files/642067.pdf,text
2020-02-13,2020,Riverton Planning Commission Meeting,planning-commission,minutes/2020/2020-02-10/2020-02-13_planning-commission.md,pmn,https://www.utah.gov/pmn/files/642071.pdf,text
2020-03-12,2020,Riverton Planning Commission Meeting,planning-commission,minutes/2020/2020-03-09/2020-03-12_planning-commission.md,pmn,https://www.utah.gov/pmn/files/642081.pdf,text
2020-04-09,2020,Riverton Planning Commission Meeting,planning-commission,minutes/2020/2020-04-06/2020-04-09_planning-commission.md,pmn,https://www.utah.gov/pmn/files/649669.pdf,text
2020-04-23,2020,Riverton Planning Commission Meeting,planning-commission,minutes/2020/2020-04-20/2020-04-23_planning-commission.md,pmn,https://www.utah.gov/pmn/files/605961.pdf,text
2020-05-14,2020,Riverton Planning Commission Meeting,planning-commission,minutes/2020/2020-05-11/2020-05-14_planning-commission.md,pmn,https://www.utah.gov/pmn/files/652169.pdf,text
2020-05-28,2020,Riverton Planning Commission Meeting,planning-commission,minutes/2020/2020-05-25/2020-05-28_planning-commission.md,pmn,https://www.utah.gov/pmn/files/616833.pdf,text
2020-06-09,2020,Riverton Planning Commission Meeting,planning-commission,minutes/2020/2020-06-08/2020-06-09_planning-commission.md,pmn,https://www.utah.gov/pmn/files/652173.pdf,text
2020-06-11,2020,Riverton Planning Commission Meeting,planning-commission,minutes/2020/2020-06-08/2020-06-11_planning-commission.md,pmn,https://www.utah.gov/pmn/files/619357.pdf,text
2020-06-25,2020,Riverton Planning Commission Meeting,planning-commission,minutes/2020/2020-06-22/2020-06-25_planning-commission.md,pmn,https://www.utah.gov/pmn/files/649673.pdf,text
2020-07-09,2020,Riverton Planning Commission Meeting,planning-commission,minutes/2020/2020-07-06/2020-07-09_planning-commission.md,pmn,https://www.utah.gov/pmn/files/649681.pdf,text
2020-08-13,2020,Riverton Planning Commission Meeting,planning-commission,minutes/2020/2020-08-10/2020-08-13_planning-commission.md,pmn,https://www.utah.gov/pmn/files/649677.pdf,text
2020-08-27,2020,Riverton Planning Commission Meeting,planning-commission,minutes/2020/2020-08-24/2020-08-27_planning-commission.md,pmn,https://www.utah.gov/pmn/files/652633.pdf,text
2020-09-10,2020,Riverton Planning Commission Meeting,planning-commission,minutes/2020/2020-09-07/2020-09-10_planning-commission.md,pmn,https://www.utah.gov/pmn/files/667523.pdf,text
2020-10-08,2020,Riverton Planning Commission Meeting,planning-commission,minutes/2020/2020-10-05/2020-10-08_planning-commission.md,pmn,https://www.utah.gov/pmn/files/652187.pdf,text
2020-10-22,2020,Riverton Planning Commission Meeting,planning-commission,minutes/2020/2020-10-19/2020-10-22_planning-commission.md,pmn,https://www.utah.gov/pmn/files/659189.pdf,text
2020-11-12,2020,Riverton Planning Commission Meeting,planning-commission,minutes/2020/2020-11-09/2020-11-12_planning-commission.md,pmn,https://www.utah.gov/pmn/files/667525.pdf,text
2020-12-10,2020,Riverton Planning Commission Meeting,planning-commission,minutes/2020/2020-12-07/2020-12-10_planning-commission.md,pmn,https://www.utah.gov/pmn/files/677067.pdf,text
2021-01-14,2021,Riverton Planning Commission Meeting,planning-commission,minutes/2021/2021-01-11/2021-01-14_planning-commission.md,pmn,https://www.utah.gov/pmn/files/692297.pdf,text
2021-01-28,2021,Riverton Planning Commission Meeting,planning-commission,minutes/2021/2021-01-25/2021-01-28_planning-commission.md,pmn,https://www.utah.gov/pmn/files/724603.pdf,text
2021-02-11,2021,Riverton Planning Commission Meeting,planning-commission,minutes/2021/2021-02-08/2021-02-11_planning-commission.md,pmn,https://www.utah.gov/pmn/files/696201.pdf,text
2021-02-25,2021,Riverton Planning Commission Meeting,planning-commission,minutes/2021/2021-02-22/2021-02-25_planning-commission.md,pmn,https://www.utah.gov/pmn/files/696199.pdf,text
2021-03-11,2021,Riverton Planning Commission Meeting,planning-commission,minutes/2021/2021-03-08/2021-03-11_planning-commission.md,pmn,https://www.utah.gov/pmn/files/705625.pdf,text
2021-03-25,2021,Riverton Planning Commission Meeting,planning-commission,minutes/2021/2021-03-22/2021-03-25_planning-commission.md,pmn,https://www.utah.gov/pmn/files/705629.pdf,text
2021-04-08,2021,Riverton Planning Commission Meeting,planning-commission,minutes/2021/2021-04-05/2021-04-08_planning-commission.md,pmn,https://www.utah.gov/pmn/files/718855.pdf,text
2021-04-22,2021,Riverton Planning Commission Meeting,planning-commission,minutes/2021/2021-04-19/2021-04-22_planning-commission.md,pmn,https://www.utah.gov/pmn/files/718857.pdf,text
2021-05-13,2021,Riverton Planning Commission Meeting,planning-commission,minutes/2021/2021-05-10/2021-05-13_planning-commission.md,pmn,https://www.utah.gov/pmn/files/729440.pdf,text
2021-05-27,2021,Riverton Planning Commission Meeting,planning-commission,minutes/2021/2021-05-24/2021-05-27_planning-commission.md,pmn,https://www.utah.gov/pmn/files/738863.pdf,text
2021-06-10,2021,Riverton Planning Commission Meeting,planning-commission,minutes/2021/2021-06-07/2021-06-10_planning-commission.md,pmn,https://www.utah.gov/pmn/files/749689.pdf,text
2021-06-24,2021,Riverton Planning Commission Meeting,planning-commission,minutes/2021/2021-06-21/2021-06-24_planning-commission.md,pmn,https://www.utah.gov/pmn/files/749691.pdf,text
2021-07-08,2021,Riverton Planning Commission Meeting,planning-commission,minutes/2021/2021-07-05/2021-07-08_planning-commission.md,pmn,https://www.utah.gov/pmn/files/749695.pdf,text
2021-08-12,2021,Riverton Planning Commission Meeting,planning-commission,minutes/2021/2021-08-09/2021-08-12_planning-commission.md,pmn,https://www.utah.gov/pmn/files/758404.pdf,text
2021-08-26,2021,Riverton Planning Commission Meeting,planning-commission,minutes/2021/2021-08-23/2021-08-26_planning-commission.md,pmn,https://www.utah.gov/pmn/files/758406.pdf,text
2021-09-09,2021,Riverton Planning Commission Meeting,planning-commission,minutes/2021/2021-09-06/2021-09-09_planning-commission.md,pmn,https://www.utah.gov/pmn/files/771109.pdf,text
2021-09-23,2021,Riverton Planning Commission Meeting,planning-commission,minutes/2021/2021-09-20/2021-09-23_planning-commission.md,pmn,https://www.utah.gov/pmn/files/771111.pdf,text
2021-10-14,2021,Riverton Planning Commission Meeting,planning-commission,minutes/2021/2021-10-11/2021-10-14_planning-commission.md,pmn,https://www.utah.gov/pmn/files/801797.pdf,text
2021-10-28,2021,Riverton Planning Commission Meeting,planning-commission,minutes/2021/2021-10-25/2021-10-28_planning-commission.md,pmn,https://www.utah.gov/pmn/files/801799.pdf,text
2021-11-18,2021,Riverton Planning Commission Meeting,planning-commission,minutes/2021/2021-11-15/2021-11-18_planning-commission.md,pmn,https://www.utah.gov/pmn/files/801791.pdf,text
2021-12-09,2021,Riverton Planning Commission Meeting,planning-commission,minutes/2021/2021-12-06/2021-12-09_planning-commission.md,pmn,https://www.utah.gov/pmn/files/801787.pdf,text
2022-01-13,2022,Riverton Planning Commission Meeting,planning-commission,minutes/2022/2022-01-10/2022-01-13_planning-commission.md,pmn,https://www.utah.gov/pmn/files/813725.pdf,text
2022-01-27,2022,Riverton Planning Commission Meeting,planning-commission,minutes/2022/2022-01-24/2022-01-27_planning-commission.md,pmn,https://www.utah.gov/pmn/files/813729.pdf,text
2022-02-10,2022,Riverton Planning Commission Meeting,planning-commission,minutes/2022/2022-02-07/2022-02-10_planning-commission.md,pmn,https://www.utah.gov/pmn/files/818907.pdf,text
2022-02-24,2022,Riverton Planning Commission Meeting,planning-commission,minutes/2022/2022-02-21/2022-02-24_planning-commission.md,pmn,https://www.utah.gov/pmn/files/824279.pdf,text
2022-03-10,2022,Riverton Planning Commission Meeting,planning-commission,minutes/2022/2022-03-07/2022-03-10_planning-commission.md,pmn,https://www.utah.gov/pmn/files/836493.pdf,text
2022-03-24,2022,Riverton Planning Commission Meeting,planning-commission,minutes/2022/2022-03-21/2022-03-24_planning-commission.md,pmn,https://www.utah.gov/pmn/files/880331.pdf,text
2022-04-14,2022,Riverton Planning Commission Meeting,planning-commission,minutes/2022/2022-04-11/2022-04-14_planning-commission.md,pmn,https://www.utah.gov/pmn/files/841729.pdf,text
2022-04-28,2022,Riverton Planning Commission Meeting,planning-commission,minutes/2022/2022-04-25/2022-04-28_planning-commission.md,pmn,https://www.utah.gov/pmn/files/853333.pdf,text
2022-06-09,2022,Riverton Planning Commission Meeting,planning-commission,minutes/2022/2022-06-06/2022-06-09_planning-commission.md,pmn,https://www.utah.gov/pmn/files/884657.pdf,text
2022-06-23,2022,Riverton Planning Commission Meeting,planning-commission,minutes/2022/2022-06-20/2022-06-23_planning-commission.md,pmn,https://www.utah.gov/pmn/files/870291.pdf,text
2022-07-14,2022,Riverton Planning Commission Meeting,planning-commission,minutes/2022/2022-07-11/2022-07-14_planning-commission.md,pmn,https://www.utah.gov/pmn/files/880333.pdf,text
2022-08-11,2022,Riverton Planning Commission Meeting,planning-commission,minutes/2022/2022-08-08/2022-08-11_planning-commission.md,pmn,https://www.utah.gov/pmn/files/888989.pdf,text
2022-08-25,2022,Riverton Planning Commission Meeting,planning-commission,minutes/2022/2022-08-22/2022-08-25_planning-commission.md,pmn,https://www.utah.gov/pmn/files/901307.pdf,text
2022-09-08,2022,Riverton Planning Commission Meeting,planning-commission,minutes/2022/2022-09-05/2022-09-08_planning-commission.md,pmn,https://www.utah.gov/pmn/files/911997.pdf,text
2022-09-22,2022,Riverton Planning Commission Meeting,planning-commission,minutes/2022/2022-09-19/2022-09-22_planning-commission.md,pmn,https://www.utah.gov/pmn/files/912003.pdf,text
2022-10-13,2022,Riverton Planning Commission Meeting,planning-commission,minutes/2022/2022-10-10/2022-10-13_planning-commission.md,pmn,https://www.utah.gov/pmn/files/920958.pdf,text
2022-11-10,2022,Riverton Planning Commission Meeting,planning-commission,minutes/2022/2022-11-07/2022-11-10_planning-commission.md,pmn,https://www.utah.gov/pmn/files/931205.pdf,text
2022-12-08,2022,Riverton Planning Commission Meeting,planning-commission,minutes/2022/2022-12-05/2022-12-08_planning-commission.md,pmn,https://www.utah.gov/pmn/files/931203.pdf,text
2023-01-12,2023,Riverton Planning Commission Meeting,planning-commission,minutes/2023/2023-01-09/2023-01-12_planning-commission.md,pmn,https://www.utah.gov/pmn/files/942383.pdf,text
2023-01-26,2023,Riverton Planning Commission Meeting,planning-commission,minutes/2023/2023-01-23/2023-01-26_planning-commission.md,pmn,https://www.utah.gov/pmn/files/942387.pdf,text
2023-02-09,2023,Riverton Planning Commission Meeting,planning-commission,minutes/2023/2023-02-06/2023-02-09_planning-commission.md,pmn,https://www.utah.gov/pmn/files/953520.pdf,text
2023-02-23,2023,Riverton Planning Commission Meeting,planning-commission,minutes/2023/2023-02-20/2023-02-23_planning-commission.md,pmn,https://www.utah.gov/pmn/files/953522.pdf,text
2023-03-09,2023,Riverton Planning Commission Meeting,planning-commission,minutes/2023/2023-03-06/2023-03-09_planning-commission.md,pmn,https://www.utah.gov/pmn/files/966240.pdf,text
2023-03-23,2023,Riverton Planning Commission Meeting,planning-commission,minutes/2023/2023-03-20/2023-03-23_planning-commission.md,pmn,https://www.utah.gov/pmn/files/966244.pdf,text
2023-04-13,2023,Riverton Planning Commission Meeting,planning-commission,minutes/2023/2023-04-10/2023-04-13_planning-commission.md,pmn,https://www.utah.gov/pmn/files/971651.pdf,text
2023-04-27,2023,Riverton Planning Commission Meeting,planning-commission,minutes/2023/2023-04-24/2023-04-27_planning-commission.md,pmn,https://www.utah.gov/pmn/files/982793.pdf,text
2023-05-11,2023,Riverton Planning Commission Meeting,planning-commission,minutes/2023/2023-05-08/2023-05-11_planning-commission.md,pmn,https://www.utah.gov/pmn/files/993277.pdf,text
2023-05-25,2023,Riverton Planning Commission Meeting,planning-commission,minutes/2023/2023-05-22/2023-05-25_planning-commission.md,pmn,https://www.utah.gov/pmn/files/1010413.pdf,text
2023-06-22,2023,Riverton Planning Commission Meeting,planning-commission,minutes/2023/2023-06-19/2023-06-22_planning-commission.md,pmn,https://www.utah.gov/pmn/files/1005257.pdf,text
2023-07-13,2023,Riverton Planning Commission Meeting,planning-commission,minutes/2023/2023-07-10/2023-07-13_planning-commission.md,pmn,https://www.utah.gov/pmn/files/1027139.pdf,text
2023-08-10,2023,Riverton Planning Commission Meeting,planning-commission,minutes/2023/2023-08-07/2023-08-10_planning-commission.md,pmn,https://www.utah.gov/pmn/files/1027133.pdf,text
2023-09-28,2023,Riverton Planning Commission Meeting,planning-commission,minutes/2023/2023-09-25/2023-09-28_planning-commission.md,pmn,https://www.utah.gov/pmn/files/1046653.pdf,text
2023-10-12,2023,Riverton Planning Commission Meeting,planning-commission,minutes/2023/2023-10-09/2023-10-12_planning-commission.md,pmn,https://www.utah.gov/pmn/files/1039411.pdf,text
2023-10-26,2023,Riverton Planning Commission Meeting,planning-commission,minutes/2023/2023-10-23/2023-10-26_planning-commission.md,pmn,https://www.utah.gov/pmn/files/1046645.pdf,text
2023-12-14,2023,Riverton Planning Commission Meeting,planning-commission,minutes/2023/2023-12-11/2023-12-14_planning-commission.md,pmn,https://www.utah.gov/pmn/files/1070139.pdf,text
2024-01-11,2024,Riverton Planning Commission Meeting,planning-commission,minutes/2024/2024-01-08/2024-01-11_planning-commission.md,pmn,https://www.utah.gov/pmn/files/1083337.pdf,text
2024-02-08,2024,Riverton Planning Commission Meeting,planning-commission,minutes/2024/2024-02-05/2024-02-08_planning-commission.md,pmn,https://www.utah.gov/pmn/files/1089629.pdf,text
2024-02-22,2024,Riverton Planning Commission Meeting,planning-commission,minutes/2024/2024-02-19/2024-02-22_planning-commission.md,pmn,https://www.utah.gov/pmn/files/1109421.pdf,text
2024-03-28,2024,Riverton Planning Commission Meeting,planning-commission,minutes/2024/2024-03-25/2024-03-28_planning-commission.md,pmn,https://www.utah.gov/pmn/files/1115045.pdf,text
2024-04-11,2024,Riverton Planning Commission Meeting,planning-commission,minutes/2024/2024-04-08/2024-04-11_planning-commission.md,pmn,https://www.utah.gov/pmn/files/1127943.pdf,text
2024-04-25,2024,Riverton Planning Commission Meeting,planning-commission,minutes/2024/2024-04-22/2024-04-25_planning-commission.md,pmn,https://www.utah.gov/pmn/files/1127939.pdf,text
2024-05-23,2024,Riverton Planning Commission Meeting,planning-commission,minutes/2024/2024-05-20/2024-05-23_planning-commission.md,pmn,https://www.utah.gov/pmn/files/1135603.pdf,text
2024-06-13,2024,Riverton Planning Commission Meeting,planning-commission,minutes/2024/2024-06-10/2024-06-13_planning-commission.md,pmn,https://www.utah.gov/pmn/files/1141945.pdf,text
2024-06-27,2024,Riverton Planning Commission Meeting,planning-commission,minutes/2024/2024-06-24/2024-06-27_planning-commission.md,pmn,https://www.utah.gov/pmn/files/1146386.pdf,text
2024-07-11,2024,Riverton Planning Commission Meeting,planning-commission,minutes/2024/2024-07-08/2024-07-11_planning-commission.md,pmn,https://www.utah.gov/pmn/files/1155281.pdf,text
2024-08-08,2024,Riverton Planning Commission Meeting,planning-commission,minutes/2024/2024-08-05/2024-08-08_planning-commission.md,pmn,https://www.utah.gov/pmn/files/1161395.pdf,text
2024-08-22,2024,Riverton Planning Commission Meeting,planning-commission,minutes/2024/2024-08-19/2024-08-22_planning-commission.md,pmn,https://www.utah.gov/pmn/files/1169749.pdf,text
2024-09-12,2024,Riverton Planning Commission Meeting,planning-commission,minutes/2024/2024-09-09/2024-09-12_planning-commission.md,pmn,https://www.utah.gov/pmn/files/1182809.pdf,text
2024-10-10,2024,Riverton Planning Commission Meeting,planning-commission,minutes/2024/2024-10-07/2024-10-10_planning-commission.md,pmn,https://www.utah.gov/pmn/files/1196185.pdf,text
2024-10-24,2024,Riverton Planning Commission Meeting,planning-commission,minutes/2024/2024-10-21/2024-10-24_planning-commission.md,pmn,https://www.utah.gov/pmn/files/1196189.pdf,text
2024-11-14,2024,Riverton Planning Commission Meeting,planning-commission,minutes/2024/2024-11-11/2024-11-14_planning-commission.md,pmn,https://www.utah.gov/pmn/files/1210151.pdf,text
2024-12-12,2024,Riverton Planning Commission Meeting,planning-commission,minutes/2024/2024-12-09/2024-12-12_planning-commission.md,pmn,https://www.utah.gov/pmn/files/1217959.pdf,text
2025-01-09,2025,Riverton Planning Commission Meeting,planning-commission,minutes/2025/2025-01-06/2025-01-09_planning-commission.md,pmn,https://www.utah.gov/pmn/files/1233739.pdf,text
2025-02-13,2025,Riverton Planning Commission Meeting,planning-commission,minutes/2025/2025-02-10/2025-02-13_planning-commission.md,pmn,https://www.utah.gov/pmn/files/1239429.pdf,text
2025-02-27,2025,Riverton Planning Commission Meeting,planning-commission,minutes/2025/2025-02-24/2025-02-27_planning-commission.md,pmn,https://www.utah.gov/pmn/files/1245862.pdf,text
2025-03-13,2025,Riverton Planning Commission Meeting,planning-commission,minutes/2025/2025-03-10/2025-03-13_planning-commission.md,pmn,https://www.utah.gov/pmn/files/1251913.pdf,text
2025-03-27,2025,Riverton Planning Commission Meeting,planning-commission,minutes/2025/2025-03-24/2025-03-27_planning-commission.md,pmn,https://www.utah.gov/pmn/files/1258247.pdf,text
2025-04-10,2025,Riverton Planning Commission Meeting,planning-commission,minutes/2025/2025-04-07/2025-04-10_planning-commission.md,pmn,https://www.utah.gov/pmn/files/1263754.pdf,text
2025-04-24,2025,Riverton Planning Commission Meeting,planning-commission,minutes/2025/2025-04-21/2025-04-24_planning-commission.md,pmn,https://www.utah.gov/pmn/files/1269313.pdf,text
2025-05-08,2025,Riverton Planning Commission Meeting,planning-commission,minutes/2025/2025-05-05/2025-05-08_planning-commission.md,pmn,https://www.utah.gov/pmn/files/1276239.pdf,text
2025-05-22,2025,Riverton Planning Commission Meeting,planning-commission,minutes/2025/2025-05-19/2025-05-22_planning-commission.md,pmn,https://www.utah.gov/pmn/files/1297369.pdf,text
2025-06-12,2025,Riverton Planning Commission Meeting,planning-commission,minutes/2025/2025-06-09/2025-06-12_planning-commission.md,pmn,https://www.utah.gov/pmn/files/1292755.pdf,text
2025-06-26,2025,Riverton Planning Commission Meeting,planning-commission,minutes/2025/2025-06-23/2025-06-26_planning-commission.md,pmn,https://www.utah.gov/pmn/files/1297385.pdf,text
2025-07-10,2025,Riverton Planning Commission Meeting,planning-commission,minutes/2025/2025-07-07/2025-07-10_planning-commission.md,pmn,https://www.utah.gov/pmn/files/1310063.pdf,text
2025-08-14,2025,Riverton Planning Commission Meeting,planning-commission,minutes/2025/2025-08-11/2025-08-14_planning-commission.md,pmn,https://www.utah.gov/pmn/files/1317007.pdf,text
2025-08-28,2025,Riverton Planning Commission Meeting,planning-commission,minutes/2025/2025-08-25/2025-08-28_planning-commission.md,pmn,https://www.utah.gov/pmn/files/1329863.pdf,text
2025-09-25,2025,Riverton Planning Commission Meeting,planning-commission,minutes/2025/2025-09-22/2025-09-25_planning-commission.md,pmn,https://www.utah.gov/pmn/files/1335581.pdf,text
2025-10-09,2025,Riverton Planning Commission Meeting,planning-commission,minutes/2025/2025-10-06/2025-10-09_planning-commission.md,pmn,https://www.utah.gov/pmn/files/1341717.pdf,text
2025-10-23,2025,Riverton Planning Commission Meeting,planning-commission,minutes/2025/2025-10-20/2025-10-23_planning-commission.md,pmn,https://www.utah.gov/pmn/files/1350519.pdf,text
2025-11-13,2025,Riverton Planning Commission Meeting,planning-commission,minutes/2025/2025-11-10/2025-11-13_planning-commission.md,pmn,https://www.utah.gov/pmn/files/1391437.pdf,text
2025-11-20,2025,Riverton Planning Commission Meeting,planning-commission,minutes/2025/2025-11-17/2025-11-20_planning-commission.md,pmn,https://www.utah.gov/pmn/files/1391439.pdf,text
2025-12-11,2025,Riverton Planning Commission Meeting,planning-commission,minutes/2025/2025-12-08/2025-12-11_planning-commission.md,pmn,https://www.utah.gov/pmn/files/1391441.pdf,text
2026-02-12,2026,Riverton Planning Commission Meeting,planning-commission,minutes/2026/2026-02-09/2026-02-12_planning-commission.md,pmn,https://www.utah.gov/pmn/files/1397959.pdf,text
2026-02-26,2026,Riverton Planning Commission Meeting,planning-commission,minutes/2026/2026-02-23/2026-02-26_planning-commission.md,pmn,https://www.utah.gov/pmn/files/1404782.pdf,text
2026-03-12,2026,Riverton Planning Commission Meeting,planning-commission,minutes/2026/2026-03-09/2026-03-12_planning-commission.md,pmn,https://www.utah.gov/pmn/files/1416693.pdf,text
2026-04-09,2026,Riverton Planning Commission Meeting,planning-commission,minutes/2026/2026-04-06/2026-04-09_planning-commission.md,pmn,https://www.utah.gov/pmn/files/1424863.pdf,text
2026-04-23,2026,Riverton Planning Commission Meeting,planning-commission,minutes/2026/2026-04-20/2026-04-23_planning-commission.md,pmn,https://www.utah.gov/pmn/files/1434765.pdf,text
2026-05-14,2026,Riverton Planning Commission Meeting,planning-commission,minutes/2026/2026-05-11/2026-05-14_planning-commission.md,pmn,https://www.utah.gov/pmn/files/1440629.pdf,text
2026-05-28,2026,Riverton Planning Commission Meeting,planning-commission,minutes/2026/2026-05-25/2026-05-28_planning-commission.md,pmn,https://www.utah.gov/pmn/files/1449099.pdf,text
2026-06-11,2026,Riverton Planning Commission Meeting,planning-commission,minutes/2026/2026-06-08/2026-06-11_planning-commission.md,pmn,https://www.utah.gov/pmn/files/1455569.pdf,text
