date,docid,url,fetch_status,bytes,sha256,pages,text_chars
2018-11-20,186,https://www.millcreekut.gov/AgendaCenter/ViewFile/Agenda/_11202018-186?packet=true,ok,163048712,aa7a35e41793b42c629345cc1cab22ba9ef8143ac5662fda344bef53a5cf1042,502,1358670
2018-12-19,193,https://www.millcreekut.gov/AgendaCenter/ViewFile/Agenda/_12192018-193?packet=true,ok,109838189,608286b8a5d3713a963ee1d4b7c104c543ea0547d95c9790b181683afd321394,568,5151360
2019-01-16,200,https://www.millcreekut.gov/AgendaCenter/ViewFile/Agenda/_01162019-200?packet=true,ok,60457371,081619ba8e44c81b866545efe191d169368002d8c33a9a0df3d5c57d6a4fc8de,436,2857277
2019-02-20,208,https://www.millcreekut.gov/AgendaCenter/ViewFile/Agenda/_02202019-208?packet=true,ok,152520208,c8ff2476a3008bc0834551cbbf7f64e557a10fcd8e98e8489abdc3ef54a478c0,719,4079664
2019-03-20,216,https://www.millcreekut.gov/AgendaCenter/ViewFile/Agenda/_03202019-216?packet=true,ok,71341748,40094ac113f2be1f0bc6c31b1360f4a7ed00bd4058adefe8440c7c6ea436678c,656,1455359
2019-04-23,229,https://www.millcreekut.gov/AgendaCenter/ViewFile/Agenda/_04232019-229?packet=true,ok,36685135,4b03b26e2a4a1ba604aaf15a13354bc10586bb932cc00da69a0920bfc88f1e9d,85,434700
2019-06-19,249,https://www.millcreekut.gov/AgendaCenter/ViewFile/Agenda/_06192019-249?packet=true,ok,72522849,0f1a681ed8fe49816f4cb0b0342e4f4d0b75416a97690f56afc2bae177221f8d,205,389130
2019-07-17,259,https://www.millcreekut.gov/AgendaCenter/ViewFile/Agenda/_07172019-259?packet=true,ok,141643287,1ae775f417d0e4f418574ceb3f3866cb8a18b87b8cdd5a69bdc745206996e8c2,285,2156291
2019-07-29,262,https://www.millcreekut.gov/AgendaCenter/ViewFile/Agenda/_07292019-262?packet=true,ok,6257339,29464a3b0082f620ad2ade58db1bdf92d64c4f153c66287982966c20b01ca405,29,58635
2019-08-21,269,https://www.millcreekut.gov/AgendaCenter/ViewFile/Agenda/_08212019-269?packet=true,ok,96332656,004bb0db3663b78ffa5f157eb4f7589759134a774d5d3fe7265012651f9e9947,289,1635661
2019-09-10,276,https://www.millcreekut.gov/AgendaCenter/ViewFile/Agenda/_09102019-276?packet=true,ok,6538980,d04e4404b4f13186681d5832919e0a92351ff538767a315992e6501d1248acc0,30,60858
2019-09-18,279,https://www.millcreekut.gov/AgendaCenter/ViewFile/Agenda/_09182019-279?packet=true,ok,137235143,95a1a47325cf6c4438be1e916fb14caae5cc9d9913a449246ad62a8e915e4775,334,190989996
2019-10-16,286,https://www.millcreekut.gov/AgendaCenter/ViewFile/Agenda/_10162019-286?packet=true,ok,61698692,69b54a7e1b808575b61e63ff1ea4379a4c8360d110dccdc997dfe797e8ac616e,418,1078363
2019-11-20,303,https://www.millcreekut.gov/AgendaCenter/ViewFile/Agenda/_11202019-303?packet=true,ok,186039342,158fa31074aad3eda61539c5a7b2c6eb7f83a19c17c0c13b9c87cf3903b38896,996,3515821
2019-11-25,306,https://www.millcreekut.gov/AgendaCenter/ViewFile/Agenda/_11252019-306?packet=true,ok,6354591,ff635d6593ec4670a9e4caf6ebf9aea1ffc35258874b759e449e81296e18157e,78,173669
2019-12-18,316,https://www.millcreekut.gov/AgendaCenter/ViewFile/Agenda/_12182019-316?packet=true,ok,53012181,a4f90d5f9b02a3f460d93cc8c1f7fb132ce1741cf28c93a471e0ae4450599eaa,270,4115904
2020-01-15,322,https://www.millcreekut.gov/AgendaCenter/ViewFile/Agenda/_01152020-322?packet=true,ok,125997263,6aa94830654dbf0c10c760cba2de587b043f9d6c30777b672fe610af5b28a462,341,1644278
2020-01-30,336,https://www.millcreekut.gov/AgendaCenter/ViewFile/Agenda/_01302020-336?packet=true,ok,489041,337752af1132f659496c882290cf1c93d979eaf8c033605e80f505555e57d8dd,18,38246
2020-02-19,340,https://www.millcreekut.gov/AgendaCenter/ViewFile/Agenda/_02192020-340?packet=true,ok,118173391,806b8a4fd4e35d9ee3ff8d06aa8535e403136aedce057bd354ab41bd8ea7c01d,489,5239320
2020-03-18,349,https://www.millcreekut.gov/AgendaCenter/ViewFile/Agenda/_03182020-349?packet=true,ok,131442442,636168edc722cb7c1e17c28b00e55b4a5776f6b6c9c243762803d8cff95e7950,379,10278354
2020-04-15,357,https://www.millcreekut.gov/AgendaCenter/ViewFile/Agenda/_04152020-357?packet=true,ok,67978206,1164da66d38467f9823c10b10b8e42fefc29fbc2bb6479e11727c21064da38cd,217,1961600
2020-05-20,368,https://www.millcreekut.gov/AgendaCenter/ViewFile/Agenda/_05202020-368?packet=true,ok,46023381,9240a36fef7724b5e8e433403260bfc5d4fc0bbcc435e1629340245f75fba8f5,181,359805
2020-06-17,376,https://www.millcreekut.gov/AgendaCenter/ViewFile/Agenda/_06172020-376?packet=true,ok,38819909,0a4bfc14aefb330fd0d4223d1c3ffffb123d4d2f24cb70397f88cd466e38fa1b,178,7007766
2020-07-15,386,https://www.millcreekut.gov/AgendaCenter/ViewFile/Agenda/_07152020-386?packet=true,ok,47641693,460c0453782319e8220d0115944d56e7c15cf32eab4edb6b332d2aaad581e013,233,3551541
2020-08-19,393,https://www.millcreekut.gov/AgendaCenter/ViewFile/Agenda/_08192020-393?packet=true,ok,14928597,11ba45eae2349c61f0b178c2e10b847b6fe0b9525c3e49efe0bc854deb32f6f7,62,719187
2020-09-16,400,https://www.millcreekut.gov/AgendaCenter/ViewFile/Agenda/_09162020-400?packet=true,ok,23911735,149207ea9e6aba535945c1e0558fa9ac2630b1e8ec42ec88fbf5e228017de159,85,242985
2020-10-21,412,https://www.millcreekut.gov/AgendaCenter/ViewFile/Agenda/_10212020-412?packet=true,ok,35608721,6b5e8b2103ebb6be3e07baebb66413c6dbc02bfb58ba7b6487a9189f34863c7f,83,1108603
2020-11-18,419,https://www.millcreekut.gov/AgendaCenter/ViewFile/Agenda/_11182020-419?packet=true,ok,3932376,556f775cffd7d987901c8e45e0d1279063c368ae9fb8be54230856ea120db3b2,42,168685
2020-12-16,427,https://www.millcreekut.gov/AgendaCenter/ViewFile/Agenda/_12162020-427?packet=true,ok,7359681,d0d0c1b2c1cc3dd507c5c5cbec1013b878a397cbcafcdd8c413b35a72959cfe8,35,33062
2021-01-20,437,https://www.millcreekut.gov/AgendaCenter/ViewFile/Agenda/_01202021-437?packet=true,ok,10418828,9e188eeb4f4cde324b9db2d13bb2f7c15b85f956b8f4a6c72be1b71bff34e30b,101,278511
2021-02-17,443,https://www.millcreekut.gov/AgendaCenter/ViewFile/Agenda/_02172021-443?packet=true,ok,67967285,7b588a7045ec6a2b1e650c11b57e0bc958f5031c0b8523be45d44cb91d0d7571,176,1619620
2021-03-17,452,https://www.millcreekut.gov/AgendaCenter/ViewFile/Agenda/_03172021-452?packet=true,ok,6155901,a0ed4f34cc37d5900ec3f7337cfc01528b3be73e4ab4e7ee37ce58a8940e8c80,40,333490
2021-04-21,464,https://www.millcreekut.gov/AgendaCenter/ViewFile/Agenda/_04212021-464?packet=true,ok,134793540,28b4802571d1c56b9b8f514df536ddba5c1702f580066abed7291130e36b2cf8,198,7961476
2021-05-19,470,https://www.millcreekut.gov/AgendaCenter/ViewFile/Agenda/_05192021-470?packet=true,ok,35106407,e25319fa88a80242bff5db054641ccc04a6b054abda7d23a323a0b8389ee6a9f,102,1067171
2021-06-16,480,https://www.millcreekut.gov/AgendaCenter/ViewFile/Agenda/_06162021-480?packet=true,ok,28102615,064bbaca726a9425c1b7e722ba72f6121deaacc579cbf36a062d9447533596de,28,88665
2021-06-29,483,https://www.millcreekut.gov/AgendaCenter/ViewFile/Agenda/_06292021-483?packet=true,ok,28103320,132ea17cf4d3f2798465c0b87ba215aab203f680166ebbca35456980cb6de108,28,88665
2021-07-21,490,https://www.millcreekut.gov/AgendaCenter/ViewFile/Agenda/_07212021-490?packet=true,ok,19649906,c4738c33fdc22889a173b8f71a431cdde4d2d59ce9468c026c8ed9c8feeea29d,148,360877
2021-08-18,497,https://www.millcreekut.gov/AgendaCenter/ViewFile/Agenda/_08182021-497?packet=true,ok,26630043,33f3ffa8605ef5574649be10680e8a72710694077e5f93e4884becb4c9ed21c2,223,7903935
2021-09-15,506,https://www.millcreekut.gov/AgendaCenter/ViewFile/Agenda/_09152021-506?packet=true,ok,22225054,4c760102863468b1b6c4a1b7e78d39cf6b327dd482f93feddf9629c023d97641,196,5750943
2021-10-20,516,https://www.millcreekut.gov/AgendaCenter/ViewFile/Agenda/_10202021-516?packet=true,ok,43365244,eefd975b5fe4c263c963349e503b6764c962206ed4af1b6fc33ec2cc6533dcfa,192,1895994
2021-11-17,523,https://www.millcreekut.gov/AgendaCenter/ViewFile/Agenda/_11172021-523?packet=true,ok,57805941,fc7242a074c178d7b0c44cf1847b0e3c278a16acac77ae9a56330f354dd48459,260,2002799
2021-12-15,532,https://www.millcreekut.gov/AgendaCenter/ViewFile/Agenda/_12152021-532?packet=true,ok,54436688,49b33661fb263813193d7da64f744211771454412b62f45714079a639cef4cbf,181,2979438
2022-02-16,546,https://www.millcreekut.gov/AgendaCenter/ViewFile/Agenda/_02162022-546?packet=true,ok,81870555,22fdd9fee2012fca3b9a3649cfb2050dfa51c059db0a78e90c5aed57e951ebd1,182,2013741
2022-03-16,554,https://www.millcreekut.gov/AgendaCenter/ViewFile/Agenda/_03162022-554?packet=true,ok,88697094,f8aa4931547e5b5ac37ad31110db41ef6b39f6e50a0a6ab0ae8a0a6a5cd5a7f2,631,2818566
2022-04-20,564,https://www.millcreekut.gov/AgendaCenter/ViewFile/Agenda/_04202022-564?packet=true,ok,7056369,55e7a0609135423d33d1536fa98060515fce25df1efe1a5f46c7e42d4c140fe3,38,172736
2022-05-18,575,https://www.millcreekut.gov/AgendaCenter/ViewFile/Agenda/_05182022-575?packet=true,ok,17020024,34378b8801c932af9c1a20b661169a097750ed237f5d16e4c1ccefa0a6da32f9,121,619206
2022-06-15,590,https://www.millcreekut.gov/AgendaCenter/ViewFile/Agenda/_06152022-590?packet=true,ok,31490774,6abe2f0d959c4b3eb42b0af4eb1ed6d3489458db446b3d5ed50781b12e7a5fec,105,1257254
2022-06-29,593,https://www.millcreekut.gov/AgendaCenter/ViewFile/Agenda/_06292022-593?packet=true,ok,72650984,0662c0003997fc471dd029a065df86e9adfffd77f70cc20b06ee12bfa76278c1,114,3002744
2022-07-20,598,https://www.millcreekut.gov/AgendaCenter/ViewFile/Agenda/_07202022-598?packet=true,ok,87112227,d22c94b48044234bb7ac1bbe87891d5d0048d09365e8a9f545dc19ba4e3a422f,204,3146018
2022-09-21,616,https://www.millcreekut.gov/AgendaCenter/ViewFile/Agenda/_09212022-616?packet=true,ok,33892045,56db31d71c82e2668bf1e8be27d1de6e3ebb12ec170f492d0315f1d00f0cc14b,91,556903
2022-10-19,626,https://www.millcreekut.gov/AgendaCenter/ViewFile/Agenda/_10192022-626?packet=true,ok,38290731,77958cec4a74f1756f0899c018d6273290f9499e45fb9b9770db8b9ab77c1520,128,2419468
2022-10-26,629,https://www.millcreekut.gov/AgendaCenter/ViewFile/Agenda/_10262022-629?packet=true,ok,36714628,50f907de7c35d3c8188280e1c711d94298054103edd1fcce064f4d3e02c0e2c1,174,1649860
2022-11-16,639,https://www.millcreekut.gov/AgendaCenter/ViewFile/Agenda/_11162022-639?packet=true,ok,35974208,071612cfc1de19249ba37a7224bae6deaf8ad554c7af1125ef0afeabd10c36ab,270,2801522
2022-12-21,647,https://www.millcreekut.gov/AgendaCenter/ViewFile/Agenda/_12212022-647?packet=true,ok,33076742,faa0f1a9a2bea8fe81a4a16dab193709fd866e64166d13937c26889dd9863b3e,98,861262
2023-01-18,655,https://www.millcreekut.gov/AgendaCenter/ViewFile/Agenda/_01182023-655?packet=true,ok,49024827,b1e29085c16399edc7acd3f7735f1b4ed881ce83e9c141b55232d20e34081dee,149,2262630
2023-01-23,659,https://www.millcreekut.gov/AgendaCenter/ViewFile/Agenda/_01232023-659?packet=true,ok,3660693,23e1184c4f3904909420478ac863c647f4643b53f096d019924bef7154ce7c13,90,220106
2023-02-15,663,https://www.millcreekut.gov/AgendaCenter/ViewFile/Agenda/_02152023-663?packet=true,ok,25596482,c9958a8e3c0b65b704f1ce3f51222936ce9ec8866c84ce4ead047fe0961d7825,229,1362508
2023-02-28,669,https://www.millcreekut.gov/AgendaCenter/ViewFile/Agenda/_02282023-669?packet=true,ok,8873080,9b46fb032c8c9ee77d8e8a20dfbaed80095c29748d31a8a5925f31badd4d7610,53,262257
2023-03-15,674,https://www.millcreekut.gov/AgendaCenter/ViewFile/Agenda/_03152023-674?packet=true,not_pdf,83248,077ce3cd98bc76cc406ac4e35d3dac1734968ac932dce7e1a2c36acb84c32a6c,,0
2023-04-19,684,https://www.millcreekut.gov/AgendaCenter/ViewFile/Agenda/_04192023-684?packet=true,ok,23748410,b632f24c3d70c242ee166d8f65a3a6eafbf5a8071933c921b02db47f99fb29e1,77,339624
2023-05-17,692,https://www.millcreekut.gov/AgendaCenter/ViewFile/Agenda/_05172023-692?packet=true,ok,29949327,d3d0fdde15e5e6a31271998b588d39c3b34ecd49493fb8ff87b9245d3e41decc,118,396447
2023-06-21,701,https://www.millcreekut.gov/AgendaCenter/ViewFile/Agenda/_06212023-701?packet=true,ok,3893701,68ad0ad405d4d4f86605510f11feef52f4256ea902b39e5919973666bb3c9c13,63,167434
2023-07-19,712,https://www.millcreekut.gov/AgendaCenter/ViewFile/Agenda/_07192023-712?packet=true,ok,15049099,697cf8ea500da4f4c467792b9e5b41b3f57a87bea232ddd70bec649159df7261,66,1057622
2023-08-16,718,https://www.millcreekut.gov/AgendaCenter/ViewFile/Agenda/_08162023-718?packet=true,ok,26444997,cbc30cfd512a152f091abb4c16d04c98d31dbae18e6235b25a5a0474e103cdd5,74,470333
2023-09-20,729,https://www.millcreekut.gov/AgendaCenter/ViewFile/Agenda/_09202023-729?packet=true,ok,43843031,898535a35bf241096dc64425f381db75a33883acde6ffc5b5d25b6a4e7d868e0,180,753414
2023-10-18,736,https://www.millcreekut.gov/AgendaCenter/ViewFile/Agenda/_10182023-736?packet=true,ok,48979617,7fb23e5ed7225c2b071f77ac0ee141e38ecee0765830ca0230c4011e8088b28b,96,583772
2023-11-15,743,https://www.millcreekut.gov/AgendaCenter/ViewFile/Agenda/_11152023-743?packet=true,ok,52138161,747d293603ca46de66e45d14a653a5ac9d44598c27cf86a01c96a75d0dd2beaa,131,964421
2023-12-20,757,https://www.millcreekut.gov/AgendaCenter/ViewFile/Agenda/_12202023-757?packet=true,ok,3026227,48c712fd8f67346c65b58a003b962451840e58ebcba9e5260549cbe4fb462015,69,178045
2024-01-17,764,https://www.millcreekut.gov/AgendaCenter/ViewFile/Agenda/_01172024-764?packet=true,ok,7762098,e3cbac077a4db3a8d9c03a0402f8134448dc9299141733255fea0c09d245b59f,142,312413
2024-02-21,776,https://www.millcreekut.gov/AgendaCenter/ViewFile/Agenda/_02212024-776?packet=true,ok,31749853,9db092f536f7632ca3cbc2e9c306dbde29eb934d928e4a039d866a9744803e25,132,1396271
2024-02-28,780,https://www.millcreekut.gov/AgendaCenter/ViewFile/Agenda/_02282024-780?packet=true,ok,14463666,52dfa13b34ede905fb213496581c2d12f3f8b412aedb1e2afd30d6bf3445f894,225,641631
2024-03-20,787,https://www.millcreekut.gov/AgendaCenter/ViewFile/Agenda/_03202024-787?packet=true,ok,1092529,7ca7006ca934fbe7012b608d7c81e2f23399bcd8b5db701ea484e2de0c7707a9,43,132053
2024-04-17,796,https://www.millcreekut.gov/AgendaCenter/ViewFile/Agenda/_04172024-796?packet=true,ok,31104405,888f354aa4c04d50a5f7be00a3f24e197dc9c53cfb053f0804f4d8e49543231a,101,1505145
2024-05-15,802,https://www.millcreekut.gov/AgendaCenter/ViewFile/Agenda/_05152024-802?packet=true,ok,3080526,3d13cad52c4a679a62f6c31cf9d67e5707282df80815d63f713866f54d70f0e2,87,211009
2024-06-19,820,https://www.millcreekut.gov/AgendaCenter/ViewFile/Agenda/_06192024-820?packet=true,ok,12837639,744eca14c96f156af288bd65f5092419b786dd0b0468107a292525b4df9b939a,124,407612
2024-07-17,829,https://www.millcreekut.gov/AgendaCenter/ViewFile/Agenda/_07172024-829?packet=true,ok,23678050,3fc1c44d63676106fc334d785638d96502343b90debbc126adbce184248594da,108,1052366
2024-07-29,832,https://www.millcreekut.gov/AgendaCenter/ViewFile/Agenda/_07292024-832?packet=true,ok,32631042,53e7f43882970d2ea1172f4ae89e43c8b37d8d50855a12a48c1b4b9af01613c7,35,285799
2024-08-21,836,https://www.millcreekut.gov/AgendaCenter/ViewFile/Agenda/_08212024-836?packet=true,ok,50338534,682c06371ce517eb27f64caf4048aae6c9bb181bb259ce35613fe17979378c29,210,2417363
2024-09-18,845,https://www.millcreekut.gov/AgendaCenter/ViewFile/Agenda/_09182024-845?packet=true,ok,2174863,28d21a6d313545bab837a4738b05694363f630c618d9ed60665e40fc81319b3f,57,147681
2024-10-16,852,https://www.millcreekut.gov/AgendaCenter/ViewFile/Agenda/_10162024-852?packet=true,ok,58356991,e00c2ecd34d9a33a5056e06ca46c32d45a4ad4b27b0d528b33d20235cc939f67,162,2010071
2024-11-20,858,https://www.millcreekut.gov/AgendaCenter/ViewFile/Agenda/_11202024-858?packet=true,ok,31376680,d3322e2e7aca8987cbe35fba49738d8a0c62a1015936eeeb31a9e19971e412cd,64,289109
2024-12-18,867,https://www.millcreekut.gov/AgendaCenter/ViewFile/Agenda/_12182024-867?packet=true,ok,17938692,542549f894b7f6353c0d716f74802bf30a1047140d3fd6bcb14d3910d9d3abde,89,1359254
2025-01-15,872,https://www.millcreekut.gov/AgendaCenter/ViewFile/Agenda/_01152025-872?packet=true,ok,4549136,4a8abea937b1459b556e7afd0fe429a61647f500ec32d52b8faf0ec943d70019,19,38214
2025-02-19,883,https://www.millcreekut.gov/AgendaCenter/ViewFile/Agenda/_02192025-883?packet=true,ok,1511209,7eb7ea4200562c64a6ddd8cc566b7de559cc7e5a896392927291d48ce10b17b8,76,181465
2025-02-26,884,https://www.millcreekut.gov/AgendaCenter/ViewFile/Agenda/_02262025-884?packet=true,ok,73831493,4074cc91fe7738d8be577a2f03689ead30684dad844a3af374172e19c63f0417,94,2739832
2025-03-19,891,https://www.millcreekut.gov/AgendaCenter/ViewFile/Agenda/_03192025-891?packet=true,ok,15566685,e394597fd25911c870a22e45d19e9329fd986d6f680d7e30e7fab0d83deea6d6,70,960502
2025-04-16,901,https://www.millcreekut.gov/AgendaCenter/ViewFile/Agenda/_04162025-901?packet=true,ok,13973470,7b5f788bc25049fd7a1b369f81abdf829a74001d62c0fe09efe3edc4265b7c45,46,90554
2025-06-18,934,https://www.millcreekut.gov/AgendaCenter/ViewFile/Agenda/_06182025-934?packet=true,ok,37413130,1e22af5b5ac4d702e06965eb0d71fd56cbcedcf974ea7d0c90e01da23e7945e1,52,6595608
2025-07-16,940,https://www.millcreekut.gov/AgendaCenter/ViewFile/Agenda/_07162025-940?packet=true,ok,165219,35588fbc64c83313fd857c6741cccf14ebd9cd1b75d678cf00a378d1006d492d,7,14497
2025-08-20,951,https://www.millcreekut.gov/AgendaCenter/ViewFile/Agenda/_08202025-951?packet=true,ok,203759345,21b1bd7a945a6047d622523a63d667af489e6fe26902c68edb8240acfe074b54,242,7189464
2025-09-17,957,https://www.millcreekut.gov/AgendaCenter/ViewFile/Agenda/_09172025-957?packet=true,ok,13012148,db2e8252c467e896733b1d06751e521acbbb1707b5b30f95fc5e41fc519d8dbb,71,511346
2025-10-15,966,https://www.millcreekut.gov/AgendaCenter/ViewFile/Agenda/_10152025-966?packet=true,ok,75783817,a3a8f20ed28c6ceae64a3db92133409fbb3bbbb30fbfe3945fa60061a355d991,111,1023561
2025-11-19,978,https://www.millcreekut.gov/AgendaCenter/ViewFile/Agenda/_11192025-978?packet=true,ok,318632729,91e6eca29caa12801b352061d750a0bdbfe684755536df9415b9c67d89440975,139,359108
2025-12-17,987,https://www.millcreekut.gov/AgendaCenter/ViewFile/Agenda/_12172025-987?packet=true,ok,35080295,64f90b9c44c42bc6c3ec19f15d0f4e8adfc1f6f69d57448b92e8a9cf27482996,56,131032
2026-01-21,996,https://www.millcreekut.gov/AgendaCenter/ViewFile/Agenda/_01212026-996?packet=true,ok,1750460,df039212fa0e5a993f0829627504a15528e8dfdd7d67697ad3a49197857a5183,93,214105
2026-02-18,1006,https://www.millcreekut.gov/AgendaCenter/ViewFile/Agenda/_02182026-1006?packet=true,ok,121937999,459f3b08363ffbab42e39f10f7df3bbae288fe53ad1e32fcc37458ce4f7094e0,240,4123985
2026-03-18,1017,https://www.millcreekut.gov/AgendaCenter/ViewFile/Agenda/_03182026-1017?packet=true,ok,4643662,6bc776b0d75d5d911d474166c2abe9ef1fb36aad4cc6bf9d0b0f2d68fb025e37,61,175723
2026-04-15,1026,https://www.millcreekut.gov/AgendaCenter/ViewFile/Agenda/_04152026-1026?packet=true,ok,41292557,394745ae98d2b64e3af18b973d095ea1876d77941a9d0582e158732a59b1adeb,202,1283064
2026-05-20,1043,https://www.millcreekut.gov/AgendaCenter/ViewFile/Agenda/_05202026-1043?packet=true,ok,35227455,b04e6f5ff20b1bd2f27a6ff2a0802064c36feea7dd535e8a90091143d2c7b602,270,2138374
2026-06-17,1060,https://www.millcreekut.gov/AgendaCenter/ViewFile/Agenda/_06172026-1060?packet=true,ok,22788716,040860963a63dda15553fbef5aa214c187a056c0d064ba517015bb87c4eba460,90,1473966
