week_ending,period_start,n_comments,n_meetings,n_motions,n_contested,meeting_types
2020-01-14,2020-01-08,0,1,3,1,city council
2020-01-28,2020-01-22,0,1,4,2,city council
2020-02-11,2020-02-05,0,1,2,0,city council
2020-02-25,2020-02-19,0,1,4,0,city council
2020-03-31,2020-03-25,0,1,3,0,city council
2020-04-14,2020-04-08,0,1,4,0,city council
2020-04-28,2020-04-22,0,1,0,0,city council
2020-05-12,2020-05-06,0,1,7,0,city council
2020-05-26,2020-05-20,0,1,6,1,city council
2020-06-16,2020-06-10,0,1,9,0,city council
2020-07-07,2020-07-01,0,1,2,0,city council
2020-07-14,2020-07-08,39,1,6,2,city council
2020-08-11,2020-08-05,4,1,6,1,city council
2020-09-01,2020-08-26,0,1,2,1,city council
2020-09-08,2020-09-02,0,1,3,0,city council
2020-10-13,2020-10-07,0,1,4,2,city council
2020-10-27,2020-10-21,0,1,3,0,city council
2020-11-10,2020-11-04,4,1,6,0,city council
2020-11-17,2020-11-11,0,1,2,0,city council
2020-12-08,2020-12-02,7,1,13,2,city council
2021-01-26,2021-01-20,10,2,5,0,city council; city council retreat
2021-02-09,2021-02-03,7,1,1,0,city council
2021-02-23,2021-02-17,7,1,4,0,city council
2021-03-09,2021-03-03,14,1,4,0,city council
2021-03-23,2021-03-17,3,1,4,0,city council
2021-06-15,2021-06-09,0,0,3,0,
2021-07-13,2021-07-07,0,1,6,0,city council
2021-07-27,2021-07-21,0,1,2,0,special city council
2021-08-10,2021-08-04,0,1,2,1,special city council
2021-08-24,2021-08-18,0,1,3,0,city council
2021-09-14,2021-09-08,0,1,6,0,city council
2021-09-28,2021-09-22,0,1,4,0,city council
2021-10-26,2021-10-20,0,1,6,1,city council
2021-11-16,2021-11-10,0,1,2,0,city council
2021-11-23,2021-11-17,0,1,3,0,city council
2021-12-14,2021-12-08,0,1,8,0,city council
2022-01-04,2021-12-29,0,1,1,0,special city council
2022-01-11,2022-01-05,0,1,4,2,city council
2022-01-25,2022-01-19,0,1,9,3,city council
2022-02-08,2022-02-02,0,1,7,1,city council
2022-02-22,2022-02-16,0,1,8,0,city council
2022-03-15,2022-03-09,0,1,7,0,city council
2022-03-22,2022-03-16,0,1,5,0,city council
2022-04-12,2022-04-06,0,1,6,0,city council
2022-04-26,2022-04-20,0,1,3,0,city council
2022-05-10,2022-05-04,0,1,9,0,city council
2022-05-24,2022-05-18,0,1,6,0,city council
2022-06-14,2022-06-08,0,1,8,0,city council
2022-06-28,2022-06-22,0,1,4,0,city council
2022-07-12,2022-07-06,0,1,7,1,city council
2022-08-02,2022-07-27,0,1,2,1,city council
2022-08-23,2022-08-17,0,1,6,0,city council
2022-09-13,2022-09-07,0,1,8,0,city council
2022-09-27,2022-09-21,0,1,8,1,city council
2022-10-11,2022-10-05,0,1,8,3,city council
2022-10-25,2022-10-19,0,1,7,0,city council
2022-11-15,2022-11-09,0,1,3,0,city council
2022-11-22,2022-11-16,0,1,2,0,special city council
2022-12-13,2022-12-07,0,1,7,0,city council
2023-01-10,2023-01-04,0,1,3,0,city council
2023-01-24,2023-01-18,0,1,3,0,city council
2023-02-28,2023-02-22,0,1,9,0,city council
2023-03-14,2023-03-08,0,1,10,3,city council
2023-03-28,2023-03-22,0,1,4,0,city council
2023-04-11,2023-04-05,0,1,2,0,city council
2023-04-25,2023-04-19,0,1,4,0,city council
2023-05-09,2023-05-03,0,1,8,0,city council
2023-05-16,2023-05-10,0,1,8,2,city council
2023-06-13,2023-06-07,0,1,11,0,city council
2023-06-27,2023-06-21,0,1,2,0,city council
2023-07-11,2023-07-05,0,1,1,0,city council
2023-08-01,2023-07-26,0,1,4,0,city council
2023-08-22,2023-08-16,0,1,4,1,city council
2023-09-19,2023-09-13,0,1,3,0,special city council
2023-09-26,2023-09-20,0,1,2,0,city council
2023-10-10,2023-10-04,0,1,4,0,city council
2023-10-24,2023-10-18,0,1,5,0,city council
2023-11-14,2023-11-08,0,1,6,0,city council
2023-12-05,2023-11-29,0,1,2,0,city council
2023-12-12,2023-12-06,0,1,6,1,city council
2024-01-02,2023-12-27,0,1,2,0,city council
2024-01-09,2024-01-03,0,1,4,0,city council
2024-01-23,2024-01-17,0,1,5,1,city council
2024-02-13,2024-02-07,0,1,5,0,city council
2024-02-27,2024-02-21,0,1,4,2,city council
2024-03-12,2024-03-06,0,1,5,0,city council
2024-04-02,2024-03-27,0,1,1,0,city council
2024-04-09,2024-04-03,0,1,4,0,city council
2024-04-23,2024-04-17,0,1,7,0,city council
2024-04-30,2024-04-24,0,2,2,0,city council
2024-05-07,2024-05-01,0,1,0,0,city council
2024-05-14,2024-05-08,0,1,11,1,city council
2024-05-28,2024-05-22,0,1,9,0,city council
2024-06-18,2024-06-12,0,1,7,0,city council
2024-07-09,2024-07-03,0,1,2,0,city council
2024-08-13,2024-08-07,0,1,5,0,city council
2024-08-20,2024-08-14,0,1,1,0,city council
2024-08-27,2024-08-21,0,1,6,2,city council
2024-09-17,2024-09-11,0,1,4,0,city council
2024-10-08,2024-10-02,0,1,3,0,city council
2024-10-29,2024-10-23,0,1,2,0,city council
2024-12-10,2024-12-04,0,1,6,2,city council
2024-12-17,2024-12-11,0,1,2,0,city council
2025-01-14,2025-01-08,0,1,5,2,city council
2025-01-28,2025-01-22,0,1,5,0,city council
2025-02-11,2025-02-05,0,1,3,0,city council
2025-03-11,2025-03-05,0,1,5,0,city council
2025-03-25,2025-03-19,0,1,4,0,city council
2025-04-08,2025-04-02,0,1,3,0,city council
2025-04-22,2025-04-16,0,1,2,0,city council
2025-05-13,2025-05-07,0,1,14,2,city council
2025-05-27,2025-05-21,0,1,3,0,city council
2025-06-10,2025-06-04,0,1,11,0,city council
2025-06-24,2025-06-18,0,1,3,0,city council
2025-07-08,2025-07-02,0,1,4,0,city council
2025-08-26,2025-08-20,0,1,3,0,city council
2025-09-09,2025-09-03,0,1,2,0,city council
2025-09-23,2025-09-17,0,1,1,0,city council
2025-11-18,2025-11-12,0,1,4,0,city council
2025-12-09,2025-12-03,0,1,10,1,city council
2026-01-13,2026-01-07,0,1,3,0,city council
2026-01-27,2026-01-21,0,1,3,0,city council
2026-02-10,2026-02-04,0,1,4,0,city council
2026-02-24,2026-02-18,0,1,5,0,city council
2026-03-10,2026-03-04,0,1,7,3,city council
2026-04-14,2026-04-08,0,1,1,0,city council
2026-04-21,2026-04-15,0,1,0,0,tsd and city council
2026-04-28,2026-04-22,0,1,4,0,city council
2026-05-05,2026-04-29,0,1,1,0,city council
2026-05-12,2026-05-06,0,1,16,1,city council
2026-05-26,2026-05-20,0,1,5,0,city council
2026-06-09,2026-06-03,0,1,5,0,city council
2026-06-16,2026-06-10,0,1,0,0,city council
2026-06-23,2026-06-17,0,1,16,2,city council
